{
    "Iso": [
        {
            "SourceSystemName": "MajescoPolicy",
            "SourceSystemCode": "109",
            "WritingCompany": "qbeinsurancecorporation",
            "PolicySymbol": null,
            "PolicyNumber": "100055154",
            "OriginalPolicyNumber": "121000105",
            "ProductCode": "AV",
            "TransactionDate": "2022-06-13",
            "TransactionEffectiveDate": "2022-05-20",
            "TransactionType": "Coverage_Level_Premium",
            "TransactionCode": "05",
            "TransactionDesc": "redoPolicy",
            "PolicyEffectiveDate": "2022-05-20",
            "PolicyExpirationDate": "2023-05-20",
            "UnderwritingYear": "2022",
            "AccountingYearMonth": "2022_6",
            "RiskState": "CA",
            "Cell": "Specialty-Aviation",
            "SegmentCode": "M0268",
            "FinancialLineofBusinessCode": "C2201",
            "ChangedPremiumAmount": "9500.0",
            "WrittenPremiumAmount": "9500.0",
            "CommissionPercentage": "15.0",
            "CommissionAmount": "0.0",
            "CommissionAmount_Calculated_": "0.0",
            "CompanyNumber": null,
            "CoverageTypeCode": null,
            "AnnualStatementLineofBusiness": "220",
            "CoverageCode": "HAR",
            "CoverageCodeDescription": "PhysicalDamage",
            "SublineCode": "618",
            "Claim_MadeIndicator": null,
            "ReinsuranceCode": null,
            "LineofBusiness": "AV",
            "BureauType": null,
            "DistributionChannel": null,
            "GroupDestinationCode": null,
            "ServiceOffice": null,
            "MasterAccountNumber": null,
            "AgencyNumber": null,
            "PolicyKindCode": null,
            "ProgramCode": "ACR",
            "OrganizationCode": null,
            "SubProgramCode": null,
            "BusinessTypeCode": null,
            "PolicyTypeCode": null,
            "CoveragePartCode": null,
            "MarketSegmentCode": null,
            "PolicyStructure": null,
            "InsurerSICCode": null,
            "OwnershipTypeCode": null,
            "TreatyCode": null,
            "TransactionExpirationDate": "2023-05-20",
            "PrimaryAddressZipCode": "91406",
            "PrimaryAddressCity": "VanNuys",
            "PrimaryAddressCounty": null,
            "ClassCode": null,
            "RetroactiveDate": null,
            "TailDate": null,
            "ExtendedRPTNumber": null,
            "ExtendedAttachmentPNTNumber": null,
            "CoinsuranceValue": null,
            "PolicyEventTypeCode": "05",
            "RenewalCount": "1",
            "CancellationDescription": null,
            "ExposureAmount": null,
            "ExposureBase": null,
            "InsuredSICCode": null,
            "NumberOfEmployeeCount": null,
            "RevisionNumber": "2",
            "ISOCode": null,
            "InsuredPropertyLocationNumber": null,
            "PolicyLimitAmount_ADVLIAO": null,
            "PolicyLimitAmount_ADVLIAP": null,
            "PolicyLimitAmount_AGLGEN": null,
            "PolicyLimitAmount_AGLPAI": null,
            "PolicyLimitAmount_AGLPCO": null,
            "PolicyLimitAmount_Aggregate": null,
            "PolicyLimitAmount_AggregateCap": null,
            "PolicyLimitAmount_AggregateLiabilityCoverage": null,
            "PolicyLimitAmount_AggregateLimit": null,
            "PolicyLimitAmount_Aggregate_Liab_Limit": null,
            "PolicyLimitAmount_AttachmentAggregateLimit": null,
            "PolicyLimitAmount_BodilyInjuryByAccidentLimit_AdmiraltyLawandFELA": null,
            "PolicyLimitAmount_BodilyInjuryByAccident_EachAccidentLimit": null,
            "PolicyLimitAmount_BodilyInjuryByDiseaseLimit_AdmiraltyLawandFELA": null,
            "PolicyLimitAmount_BodilyInjuryByDisease_EachEmployeeLimit": null,
            "PolicyLimitAmount_BodilyInjuryByDisease_PolicyLimit": null,
            "PolicyLimitAmount_Bodily_Injury_Each_Occurrence": null,
            "PolicyLimitAmount_Bodily_Injury_Each_Person": null,
            "PolicyLimitAmount_Business_Liab_Limit": null,
            "PolicyLimitAmount_CContingentLimit": null,
            "PolicyLimitAmount_CEachLossLimitOveride": null,
            "PolicyLimitAmount_CHEMBIEO": null,
            "PolicyLimitAmount_CHEMBIEP": null,
            "PolicyLimitAmount_CHEMPDAG": null,
            "PolicyLimitAmount_CHEMPDEO": null,
            "PolicyLimitAmount_CHEMSLAG": null,
            "PolicyLimitAmount_CHEMSLEO": null,
            "PolicyLimitAmount_CONTLIAO": null,
            "PolicyLimitAmount_CONTLIAV": null,
            "PolicyLimitAmount_CSL_Each_Occurrence": "150000000",
            "PolicyLimitAmount_DamagePremRent": null,
            "PolicyLimitAmount_EMPLIA": null,
            "PolicyLimitAmount_EMPLOYERS_LIAB_Limit": null,
            "PolicyLimitAmount_EachAirLimitOveride": null,
            "PolicyLimitAmount_EachAircarft": null,
            "PolicyLimitAmount_EachLocationAggregate": null,
            "PolicyLimitAmount_EachLoss": null,
            "PolicyLimitAmount_EachOccurance": null,
            "PolicyLimitAmount_EachOccurrence": null,
            "PolicyLimitAmount_EachOccurrenceDisplay": null,
            "PolicyLimitAmount_GeneralAggregate": null,
            "PolicyLimitAmount_HKAOA": null,
            "PolicyLimitAmount_HKAOO": null,
            "PolicyLimitAmount_HSTLIQO": null,
            "PolicyLimitAmount_INDCONTO": null,
            "PolicyLimitAmount_INDCONTV": null,
            "PolicyLimitAmount_LIABIP": null,
            "PolicyLimitAmount_LIACSL": null,
            "PolicyLimitAmount_LIAPPAS": null,
            "PolicyLimitAmount_LIAPPER": null,
            "PolicyLimitAmount_LayerAggregateLimit": null,
            "PolicyLimitAmount_LayerOccurrenceLimit": null,
            "PolicyLimitAmount_MEDOCC": null,
            "PolicyLimitAmount_MEDPER": null,
            "PolicyLimitAmount_MedicalExpenses": null,
            "PolicyLimitAmount_Medical_Expense_Limit": null,
            "PolicyLimitAmount_Medical_Expenses_Each_Occurrence": null,
            "PolicyLimitAmount_Medical_Expenses_Per_Person": null,
            "PolicyLimitAmount_NOCHAPEO": null,
            "PolicyLimitAmount_NOCHSLAG": null,
            "PolicyLimitAmount_NOCHSLEO": null,
            "PolicyLimitAmount_ONPRMP": null,
            "PolicyLimitAmount_OcccurrenceLimit": null,
            "PolicyLimitAmount_OverrideAttachmentAggregateLimit": null,
            "PolicyLimitAmount_OverrideAttachmentLimit": null,
            "PolicyLimitAmount_OverrideQBEAggregateLimit": null,
            "PolicyLimitAmount_OverrideTotalProgramLimit": null,
            "PolicyLimitAmount_PILIAO": null,
            "PolicyLimitAmount_PRDCSL": null,
            "PolicyLimitAmount_PRMCSL": null,
            "PolicyLimitAmount_PRMMEDE": null,
            "PolicyLimitAmount_PRMRTY": null,
            "PolicyLimitAmount_Passenger_Liability_Each_Occurrence": null,
            "PolicyLimitAmount_Passenger_Liability_Each_Person": null,
            "PolicyLimitAmount_Passenger_Liability_Limit": null,
            "PolicyLimitAmount_PersAdverInjAggLimit": null,
            "PolicyLimitAmount_PersonalandAdvertisingInjury": null,
            "PolicyLimitAmount_ProdOpsAggLimit": null,
            "PolicyLimitAmount_ProductandCompletedOperationsAggregateLimit": null,
            "PolicyLimitAmount_ProfessionalAggregrate": null,
            "PolicyLimitAmount_Umbrella": null,
            "PolicyLimitAmount_UmbrellaDisplay": null,
            "CoverageDeductibleAmount_AN": null,
            "CoverageDeductibleAmount_ArtificiallyGeneratedEnergy": null,
            "CoverageDeductibleAmount_BAGEAEV": null,
            "CoverageDeductibleAmount_BDEDCT": null,
            "CoverageDeductibleAmount_BENCO": null,
            "CoverageDeductibleAmount_BIPD": null,
            "CoverageDeductibleAmount_BLDDED": null,
            "CoverageDeductibleAmount_BLDDEDA": null,
            "CoverageDeductibleAmount_BLDDEDB": null,
            "CoverageDeductibleAmount_BLDDEDC": null,
            "CoverageDeductibleAmount_BLDDEDD": null,
            "CoverageDeductibleAmount_BLDDEDE": null,
            "CoverageDeductibleAmount_BLDGORD": null,
            "CoverageDeductibleAmount_BOEQ": null,
            "CoverageDeductibleAmount_BOP_EPMT_Deductible": null,
            "CoverageDeductibleAmount_BOP_EQBG_Deductible": null,
            "CoverageDeductibleAmount_BOP_EQBI_Deductible": null,
            "CoverageDeductibleAmount_BOP_EQPP_Deductible": null,
            "CoverageDeductibleAmount_BOP_SBBB_Deductible": null,
            "CoverageDeductibleAmount_BOP_SCNB_Deductible": null,
            "CoverageDeductibleAmount_BOP_SCWB_Deductible": null,
            "CoverageDeductibleAmount_BT_Deductible": null,
            "CoverageDeductibleAmount_BUSDED": null,
            "CoverageDeductibleAmount_BlanketDeductible": null,
            "CoverageDeductibleAmount_Boat_Deductible": null,
            "CoverageDeductibleAmount_BodilyInjuryDeductibleCode": null,
            "CoverageDeductibleAmount_BusinessIncomeTimeDeductible": null,
            "CoverageDeductibleAmount_CARGODED": null,
            "CoverageDeductibleAmount_CF_Act_Deductible": null,
            "CoverageDeductibleAmount_CF_Deductible": null,
            "CoverageDeductibleAmount_CF_Deductible_Per": null,
            "CoverageDeductibleAmount_CF_NFIP_Deductible": null,
            "CoverageDeductibleAmount_CHCMPD": null,
            "CoverageDeductibleAmount_CHCOLD": null,
            "CoverageDeductibleAmount_CL": null,
            "CoverageDeductibleAmount_CLNTPRDeductible": null,
            "CoverageDeductibleAmount_CMPDED": null,
            "CoverageDeductibleAmount_CMPFTFDeductible": null,
            "CoverageDeductibleAmount_COLDED": null,
            "CoverageDeductibleAmount_COMARTDeductible": null,
            "CoverageDeductibleAmount_COVDED": null,
            "CoverageDeductibleAmount_CY": null,
            "CoverageDeductibleAmount_Coinsurance": null,
            "CoverageDeductibleAmount_Combined_AllCoveragesDeductible": null,
            "CoverageDeductibleAmount_ComputerAttack_FirstPartyCoverageDeductible": null,
            "CoverageDeductibleAmount_ComputerAttackDeductible": null,
            "CoverageDeductibleAmount_Contractor_Deductible_Amount": null,
            "CoverageDeductibleAmount_Contractor_Liability_Deductible": null,
            "CoverageDeductibleAmount_DDACEL": null,
            "CoverageDeductibleAmount_DDALEO": null,
            "CoverageDeductibleAmount_DDCLEL": null,
            "CoverageDeductibleAmount_DDEMEL": null,
            "CoverageDeductibleAmount_DDEMWC": null,
            "CoverageDeductibleAmount_DDRTAD": null,
            "CoverageDeductibleAmount_DEDACC": null,
            "CoverageDeductibleAmount_DEDAOB": null,
            "CoverageDeductibleAmount_DEDAOC": null,
            "CoverageDeductibleAmount_DEDG1B": null,
            "CoverageDeductibleAmount_DEDG1C": null,
            "CoverageDeductibleAmount_DEDG2B": null,
            "CoverageDeductibleAmount_DEDG2C": null,
            "CoverageDeductibleAmount_DEDTBL": null,
            "CoverageDeductibleAmount_DEDUCTIBLE_AMOUNT": null,
            "CoverageDeductibleAmount_DEDUCTIBLE_TYPE": null,
            "CoverageDeductibleAmount_Deductible": null,
            "CoverageDeductibleAmount_Deductible_NetworkSecurityLiability_": null,
            "CoverageDeductibleAmount_DeductibleAmount": null,
            "CoverageDeductibleAmount_DeductibleBIFactor": null,
            "CoverageDeductibleAmount_DeductibleBIandPDFactor": null,
            "CoverageDeductibleAmount_DeductibleFactor": null,
            "CoverageDeductibleAmount_DeductibleMethod": null,
            "CoverageDeductibleAmount_DeductiblePDFactor": null,
            "CoverageDeductibleAmount_DeductiblePercentage": null,
            "CoverageDeductibleAmount_Deductible_Code": null,
            "CoverageDeductibleAmount_DefenseandLiabilityDeductible": null,
            "CoverageDeductibleAmount_DirectCoveragesDeductible": null,
            "CoverageDeductibleAmount_EDEDCT": null,
            "CoverageDeductibleAmount_EDPDeductible": null,
            "CoverageDeductibleAmount_EMPDeductible": null,
            "CoverageDeductibleAmount_EQUDLRDeductible": null,
            "CoverageDeductibleAmount_EQ_Deductible": null,
            "CoverageDeductibleAmount_EXPDED": null,
            "CoverageDeductibleAmount_EXTCEDeductible": null,
            "CoverageDeductibleAmount_EachEmployeeDeductible": null,
            "CoverageDeductibleAmount_EarthquakeDeductiblePercentage": null,
            "CoverageDeductibleAmount_EarthquakeFlatDeductible": null,
            "CoverageDeductibleAmount_FLEXBIZ_Deductible": null,
            "CoverageDeductibleAmount_FLEXBIZ_WIND_Hail_Deductible": null,
            "CoverageDeductibleAmount_FORGDeductible": null,
            "CoverageDeductibleAmount_FT_Deductible": null,
            "CoverageDeductibleAmount_Fire_Deductible": null,
            "CoverageDeductibleAmount_Fixed": null,
            "CoverageDeductibleAmount_FloodDeductible": null,
            "CoverageDeductibleAmount_GARAGEKDED": null,
            "CoverageDeductibleAmount_GLASS_DED": null,
            "CoverageDeductibleAmount_GL_BI_Deductible": null,
            "CoverageDeductibleAmount_GNIMDED": null,
            "CoverageDeductibleAmount_GPRDD": null,
            "CoverageDeductibleAmount_GS_DEDUCTIBLE": null,
            "CoverageDeductibleAmount_HANGARKAD": null,
            "CoverageDeductibleAmount_HANGARKOD": null,
            "CoverageDeductibleAmount_HD_In_Motion": null,
            "CoverageDeductibleAmount_HD_Not_In_Motion": null,
            "CoverageDeductibleAmount_HKFWDED": null,
            "CoverageDeductibleAmount_HKRWDED": null,
            "CoverageDeductibleAmount_HL_PD_Deductible": null,
            "CoverageDeductibleAmount_Homeowner_wind_Hail_Ded_Amount": null,
            "CoverageDeductibleAmount_Homeowners_Deductible": null,
            "CoverageDeductibleAmount_Homeowners_Teft_250_Deductible": null,
            "CoverageDeductibleAmount_Homeowners_Windstorm_Ded": null,
            "CoverageDeductibleAmount_Homeowners_Windstorm_Deductible_Amt": null,
            "CoverageDeductibleAmount_INMDED": null,
            "CoverageDeductibleAmount_IncreasedLimitLessDeductibleFactor": null,
            "CoverageDeductibleAmount_LiabilityDeductible": null,
            "CoverageDeductibleAmount_MDEDCT": null,
            "CoverageDeductibleAmount_MOCPCDeductible": null,
            "CoverageDeductibleAmount_MRCDeductible": null,
            "CoverageDeductibleAmount_MTDED": null,
            "CoverageDeductibleAmount_MedicalBenefitsDeductible": null,
            "CoverageDeductibleAmount_MiniComputerDeductible": null,
            "CoverageDeductibleAmount_NOCHPDIM": null,
            "CoverageDeductibleAmount_NOCHPDNIM": null,
            "CoverageDeductibleAmount_NODED": null,
            "CoverageDeductibleAmount_NetworkSecurity_ThirdPartyCoverageDeductible": null,
            "CoverageDeductibleAmount_OTHSTR": null,
            "CoverageDeductibleAmount_OUTPRMDeductible": null,
            "CoverageDeductibleAmount_OtherCausesofLoss": null,
            "CoverageDeductibleAmount_OtherthanArtificiallyGeneratedEnergy": null,
            "CoverageDeductibleAmount_PDEDCT": null,
            "CoverageDeductibleAmount_PERDED": null,
            "CoverageDeductibleAmount_PIPDeductible": null,
            "CoverageDeductibleAmount_PerClaimDeductible": null,
            "CoverageDeductibleAmount_PerCommonCauseDeductible": null,
            "CoverageDeductibleAmount_PolicyAggregateDeductibleAmount": null,
            "CoverageDeductibleAmount_PortableComputers_Deductible": null,
            "CoverageDeductibleAmount_Premises_Operations": null,
            "CoverageDeductibleAmount_Premises_OperationsDeductible": null,
            "CoverageDeductibleAmount_Premises_OpsBIAndPDCombinedDeductible": null,
            "CoverageDeductibleAmount_Premises_OpsBodilyInjuryDeductibleCode": null,
            "CoverageDeductibleAmount_Premises_OpsPropertyDamageDeductiblesCode": null,
            "CoverageDeductibleAmount_ProductsBIAndPDCombinedDeductible": null,
            "CoverageDeductibleAmount_ProductsBodilyInjuryDeductibleCode": null,
            "CoverageDeductibleAmount_ProductsDeductible": null,
            "CoverageDeductibleAmount_ProductsPropertyDamageDeductibleCode": null,
            "CoverageDeductibleAmount_Products_CompletedOps": null,
            "CoverageDeductibleAmount_PropertyDamageDeductible": null,
            "CoverageDeductibleAmount_PropertyDamageDeductibleCode": null,
            "CoverageDeductibleAmount_PropertyDeductible": null,
            "CoverageDeductibleAmount_RSBMSDeductible": null,
            "CoverageDeductibleAmount_RSBOPDeductible": null,
            "CoverageDeductibleAmount_RecallDeductible": null,
            "CoverageDeductibleAmount_ResponseExpensesDeductible": null,
            "CoverageDeductibleAmount_Retention": null,
            "CoverageDeductibleAmount_SDEDCT": null,
            "CoverageDeductibleAmount_SectionIDeductible": null,
            "CoverageDeductibleAmount_SpecialFormTheft": null,
            "CoverageDeductibleAmount_THFDED": null,
            "CoverageDeductibleAmount_THFTMSDeductible": null,
            "CoverageDeductibleAmount_THFTOPDeductible": null,
            "CoverageDeductibleAmount_VALPAPDeductible": null,
            "CoverageDeductibleAmount_WINDHAILDeductible": null,
            "CoverageDeductibleAmount_WNDDCT": null,
            "CoverageDeductibleAmount_W_H_DED": null,
            "CoverageDeductibleAmount_WaterDamageDeductible": null,
            "CoverageDeductibleAmount_WindstormorHailDeductible": null,
            "CoverageDeductibleAmount_WorkersComp_Deductible_Amt1": null,
            "CoverageDeductibleAmount_WorkersComp_Deductible_Amt2": null,
            "CoverageLimitAmount_Added_Limit": null,
            "CoverageLimitAmount_Aggregate": null,
            "CoverageLimitAmount_AggregateLimit": null,
            "CoverageLimitAmount_AggregateLimitEbl": null,
            "CoverageLimitAmount_AmendmentLimitProv": null,
            "CoverageLimitAmount_Basic_Limit": null,
            "CoverageLimitAmount_Bodily_Injury_Occurance_Liability_Limit": null,
            "CoverageLimitAmount_Bodily_Injury_Per_Liability_Limit": null,
            "CoverageLimitAmount_CSL_Liability_Limit": null,
            "CoverageLimitAmount_CombinedSingleLimit": null,
            "CoverageLimitAmount_Combined_Single_Limit": null,
            "CoverageLimitAmount_Combined_Single_Limit_Display": null,
            "CoverageLimitAmount_Completed_Product_Operations": null,
            "CoverageLimitAmount_DamagePrmsRntdLimit": null,
            "CoverageLimitAmount_DispAggregateLimit": null,
            "CoverageLimitAmount_DispAggregateLimitEbl": null,
            "CoverageLimitAmount_DispEachCommCauLimit": null,
            "CoverageLimitAmount_DispEachEmpLimitEbl": null,
            "CoverageLimitAmount_DispEachOccLimitCsl": null,
            "CoverageLimitAmount_DispGenAggLimitCsl": null,
            "CoverageLimitAmount_DispGenAggLimitPwc": null,
            "CoverageLimitAmount_DispOccLimitPwc": null,
            "CoverageLimitAmount_DispPrdcoAgglimitCsl": null,
            "CoverageLimitAmount_DmgPrmsRntdLmtAmt": null,
            "CoverageLimitAmount_EachAccidentLimit": null,
            "CoverageLimitAmount_EachCommCauLimit": null,
            "CoverageLimitAmount_EachEmpLimitEbl": null,
            "CoverageLimitAmount_EachEmployeeLimit": null,
            "CoverageLimitAmount_EachOccLimitCsl": null,
            "CoverageLimitAmount_Each_Additional_Limit": null,
            "CoverageLimitAmount_Each_Occurrence_Limit": null,
            "CoverageLimitAmount_GeneralAggLimitCsl": null,
            "CoverageLimitAmount_GeneralAggLimitPwc": null,
            "CoverageLimitAmount_IncLimitFactor": null,
            "CoverageLimitAmount_IncLmtBiFactor": null,
            "CoverageLimitAmount_IncLmtCslFactor": null,
            "CoverageLimitAmount_IncLmtPdFactor": null,
            "CoverageLimitAmount_IncreasedLimitsMinimumPremium": null,
            "CoverageLimitAmount_Increased_Limit": null,
            "CoverageLimitAmount_Limit": null,
            "CoverageLimitAmount_LimitIdentifierCode": null,
            "CoverageLimitAmount_LimitPerAccident": null,
            "CoverageLimitAmount_Limit_Code": null,
            "CoverageLimitAmount_Limit_Code_2": null,
            "CoverageLimitAmount_MI_Medical_Benefit_Limit": null,
            "CoverageLimitAmount_Maximum_Limit": null,
            "CoverageLimitAmount_MedExpenseIncLmtFact": null,
            "CoverageLimitAmount_MedExpenseLimit": null,
            "CoverageLimitAmount_MedExpenseLmtAmt": null,
            "CoverageLimitAmount_Medical_Expense_Limit": null,
            "CoverageLimitAmount_OccLimit": null,
            "CoverageLimitAmount_OccLimitPwc": null,
            "CoverageLimitAmount_Occurrence": null,
            "CoverageLimitAmount_PerOcccurrence": null,
            "CoverageLimitAmount_PerPerson": null,
            "CoverageLimitAmount_Per_Aircraft_Limit": null,
            "CoverageLimitAmount_Per_Occurrence_Limit": null,
            "CoverageLimitAmount_PersonalAdInjuryLimit": null,
            "CoverageLimitAmount_PolicyLimit": null,
            "CoverageLimitAmount_PolicyLimitCode": null,
            "CoverageLimitAmount_PrdCompopAgglimitCsl": null,
            "CoverageLimitAmount_Print_Limit": null,
            "CoverageLimitAmount_Prod_Rate_Each_Occurance": null,
            "CoverageLimitAmount_RepatriationCoverage_LimitPerEmployee": null,
            "CoverageLimitAmount_SMinPreIncLmtCslFact": null,
            "CoverageLimitAmount_SpMinPreIncLmtPdFact": null,
            "CoverageLimitAmount_SpMinPreIncLmtBiFact": null,
            "CoverageLimitAmount_Tort_Limit_Code": null,
            "LineofBusinessExposureAmount_AssetSize": null,
            "LineofBusinessExposureAmount_AssetUnderMngmnt": null,
            "LineofBusinessExposureAmount_EmpCountTotal": null,
            "LineofBusinessExposureAmount_ManagedAssets": null,
            "LineofBusinessExposureAmount_MarketCapSize": null,
            "LineofBusinessExposureAmount_Revenue": null,
            "LineofBusinessExposureAmount_TotalPlanAsset": null,
            "LineofBusinessExposureBase_AssetSize": null,
            "LineofBusinessExposureBase_AssetUnderMngmnt": null,
            "LineofBusinessExposureBase_EmpCountTotal": null,
            "LineofBusinessExposureBase_ManagedAssets": null,
            "LineofBusinessExposureBase_MarketCapSize": null,
            "LineofBusinessExposureBase_Revenue": null,
            "LineofBusinessExposureBase_TotalPlanAsset": null,
            "CoverageLevelScheduleModifierRatePercent_ConsentToRate": null,
            "CoverageLevelScheduleModifierRatePercent_ExperienceFactor": null,
            "CoverageLevelScheduleModifierRatePercent_ExperienceMod": null,
            "CoverageLevelScheduleModifierRatePercent_ExperienceModFactor": null,
            "CoverageLevelScheduleModifierRatePercent_FinalRate": null,
            "CoverageLevelScheduleModifierRatePercent_Liability": null,
            "CoverageLevelScheduleModifierRatePercent_Liability_Detrend_Factor": null,
            "CoverageLevelScheduleModifierRatePercent_LossConstant": null,
            "CoverageLevelScheduleModifierRatePercent_LossCost": null,
            "CoverageLevelScheduleModifierRatePercent_LossCostMultiplier": null,
            "CoverageLevelScheduleModifierRatePercent_Loss_Cost_Multiplier": null,
            "CoverageLevelScheduleModifierRatePercent_Medpay_Loss_Cost_Multiplier": null,
            "CoverageLevelScheduleModifierRatePercent_MeritMod": null,
            "CoverageLevelScheduleModifierRatePercent_NA": null,
            "CoverageLevelScheduleModifierRatePercent_PackageModificationFactor": null,
            "CoverageLevelScheduleModifierRatePercent_Physical_Damage_Detrend_Factor": null,
            "CoverageLevelScheduleModifierRatePercent_PremOps_Detrend_Factor": null,
            "CoverageLevelScheduleModifierRatePercent_Products_Detrend_Factor": null,
            "CoverageLevelScheduleModifierRatePercent_Rate": null,
            "CoverageLevelScheduleModifierRatePercent_RateDeviation": null,
            "CoverageLevelScheduleModifierRatePercent_ScheduleFactor": null,
            "CoverageLevelScheduleModifierRatePercent_ScheduleModifierFactor": null,
            "CoverageLevelScheduleModifierRatePercent_ScheduleModFactor": null,
            "CoverageLevelScheduleModifierRatePercent_Schedule_Modifier": null,
            "CoverageLevelScheduleModifierRatePercent_TerritorialDifferentialFactor": null,
            "CoverageLevelScheduleModifierRatePercent_Total_Modifier": null
        }
    ]
}