{"EntityName":"Record","EntityState":"{\"Iso\":[{\"SourceSystemName\":\"MajescoPolicy\",\"SourceSystemCode\":\"109\",\"WritingCompany\":\"qbeinsurancecorporation\",\"PolicySymbol\":null,\"PolicyNumber\":\"100054708\",\"OriginalPolicyNumber\":\"161000126\",\"ProductCode\":\"CA\",\"TransactionDate\":\"2022-04-29\",\"TransactionEffectiveDate\":\"2022-03-01\",\"TransactionType\":\"Coverage_Level_Premium\",\"TransactionCode\":\"14\",\"TransactionDesc\":\"convertQuote\",\"PolicyEffectiveDate\":\"2022-03-01\",\"PolicyExpirationDate\":\"2023-03-01\",\"UnderwritingYear\":\"2022\",\"AccountingYearMonth\":\"2022_5\",\"RiskState\":\"MN\",\"Cell\":\"MiddleMarket\",\"SegmentCode\":\"M0784\",\"FinancialLineofBusinessCode\":\"C1930\",\"ChangedPremiumAmount\":\"148.0\",\"WrittenPremiumAmount\":\"148.0\",\"CommissionPercentage\":\"15.0\",\"CommissionAmount\":\"746.55\",\"CommissionAmount_Calculated_\":\"22.2\",\"CompanyNumber\":null,\"CoverageTypeCode\":null,\"AnnualStatementLineofBusiness\":\"193\",\"CoverageCode\":\"PIP\",\"CoverageCodeDescription\":\"PersonalInjuryProtection\",\"SublineCode\":\"615\",\"Claim_MadeIndicator\":null,\"ReinsuranceCode\":null,\"LineofBusiness\":\"CA\",\"BureauType\":null,\"DistributionChannel\":null,\"GroupDestinationCode\":null,\"ServiceOffice\":null,\"MasterAccountNumber\":null,\"AgencyNumber\":null,\"PolicyKindCode\":null,\"ProgramCode\":\"RET\",\"OrganizationCode\":null,\"SubProgramCode\":null,\"BusinessTypeCode\":null,\"PolicyTypeCode\":\"Primary\",\"CoveragePartCode\":null,\"MarketSegmentCode\":\"RET\",\"PolicyStructure\":\"GC\",\"InsurerSICCode\":null,\"OwnershipTypeCode\":null,\"TreatyCode\":null,\"TransactionExpirationDate\":null,\"PrimaryAddressZipCode\":null,\"PrimaryAddressCity\":null,\"PrimaryAddressCounty\":null,\"ClassCode\":\"7391\",\"RetroactiveDate\":null,\"TailDate\":null,\"ExtendedRPTNumber\":null,\"ExtendedAttachmentPNTNumber\":null,\"CoinsuranceValue\":null,\"PolicyEventTypeCode\":null,\"RenewalCount\":\"0\",\"CancellationDescription\":null,\"ExposureAmount\":\"12.0\",\"ExposureBase\":null,\"InsuredSICCode\":null,\"NumberOfEmployeeCount\":null,\"RevisionNumber\":\"1\",\"ISOCode\":null,\"InsuredPropertyLocationNumber\":null,\"PolicyLimitAmount_Aggregate\":null,\"PolicyLimitAmount_AggregateLimit\":null,\"PolicyLimitAmount_OcccurrenceLimit\":null,\"PolicyLimitAmount_OverrideAttachmentAggregateLimit\":null,\"CoverageDeductibleAmount_Retention\":null,\"CoverageDeductibleAmount_BodilyInjuryDeductibleCode\":null,\"CoverageLimitAmount_Aggregate\":null,\"CoverageLimitAmount_AggregateLimit\":null,\"CoverageLimitAmount_OccLimit\":null,\"CoverageLimitAmount_OccLimitPwc\":null,\"CoverageLimitAmount_Occurrence\":null,\"LineofBusinessExposureAmount_AssetSize\":null,\"LineofBusinessExposureAmount_AssetUnderMngmnt\":null,\"LineofBusinessExposureAmount_EmpCountTotal\":null,\"LineofBusinessExposureAmount_ManagedAssets\":null,\"LineofBusinessExposureAmount_MarketCapSize\":null,\"LineofBusinessExposureAmount_Revenue\":null,\"LineofBusinessExposureAmount_TotalPlanAsset\":null,\"LineofBusinessExposureBase_AssetSize\":null,\"LineofBusinessExposureBase_AssetUnderMngmnt\":null,\"LineofBusinessExposureBase_EmpCountTotal\":null,\"LineofBusinessExposureBase_ManagedAssets\":null,\"LineofBusinessExposureBase_MarketCapSize\":null,\"LineofBusinessExposureBase_Revenue\":null,\"LineofBusinessExposureBase_TotalPlanAsset\":null,\"CoverageLevelScheduleModifierRatePercent_ConsentToRate\":null,\"CoverageLevelScheduleModifierRatePercent_ExperienceFactor\":null,\"CoverageLevelScheduleModifierRatePercent_ExperienceMod\":null,\"CoverageLevelScheduleModifierRatePercent_ExperienceModFactor\":null,\"CoverageLevelScheduleModifierRatePercent_FinalRate\":null,\"CoverageLevelScheduleModifierRatePercent_Liability\":null,\"CoverageLevelScheduleModifierRatePercent_Liability_Detrend_Factor\":null,\"CoverageLevelScheduleModifierRatePercent_LossConstant\":null,\"CoverageLevelScheduleModifierRatePercent_LossCost\":null,\"CoverageLevelScheduleModifierRatePercent_LossCostMultiplier\":null,\"CoverageLevelScheduleModifierRatePercent_Loss_Cost_Multiplier\":\"1.685\",\"CoverageLevelScheduleModifierRatePercent_Medpay_Loss_Cost_Multiplier\":null,\"CoverageLevelScheduleModifierRatePercent_MeritMod\":null,\"CoverageLevelScheduleModifierRatePercent_NA\":null,\"CoverageLevelScheduleModifierRatePercent_PackageModificationFactor\":null,\"CoverageLevelScheduleModifierRatePercent_Physical_Damage_Detrend_Factor\":null,\"CoverageLevelScheduleModifierRatePercent_PremOps_Detrend_Factor\":null,\"CoverageLevelScheduleModifierRatePercent_Products_Detrend_Factor\":null,\"CoverageLevelScheduleModifierRatePercent_Rate\":null,\"CoverageLevelScheduleModifierRatePercent_RateDeviation\":null,\"CoverageLevelScheduleModifierRatePercent_ScheduleFactor\":null,\"CoverageLevelScheduleModifierRatePercent_ScheduleModifierFactor\":null,\"CoverageLevelScheduleModifierRatePercent_ScheduleModFactor\":null,\"CoverageLevelScheduleModifierRatePercent_Schedule_Modifier\":null,\"CoverageLevelScheduleModifierRatePercent_TerritorialDifferentialFactor\":null,\"CoverageLevelScheduleModifierRatePercent_Total_Modifier\":null},{\"SourceSystemName\":\"MajescoPolicy\",\"SourceSystemCode\":\"109\",\"WritingCompany\":\"qbeinsurancecorporation\",\"PolicySymbol\":null,\"PolicyNumber\":\"100054708\",\"OriginalPolicyNumber\":\"161000126\",\"ProductCode\":\"CA\",\"TransactionDate\":\"2022-03-31\",\"TransactionEffectiveDate\":\"2022-03-01\",\"TransactionType\":\"Coverage_Level_Premium\",\"TransactionCode\":\"05\",\"TransactionDesc\":\"redoPolicy\",\"PolicyEffectiveDate\":\"2022-03-01\",\"PolicyExpirationDate\":\"2023-03-01\",\"UnderwritingYear\":\"2022\",\"AccountingYearMonth\":\"2022_4\",\"RiskState\":\"MN\",\"Cell\":\"MiddleMarket\",\"SegmentCode\":\"M0784\",\"FinancialLineofBusinessCode\":\"C1940\",\"ChangedPremiumAmount\":\"18.0\",\"WrittenPremiumAmount\":\"18.0\",\"CommissionPercentage\":\"15.0\",\"CommissionAmount\":\"746.55\",\"CommissionAmount_Calculated_\":\"2.7\",\"CompanyNumber\":null,\"CoverageTypeCode\":null,\"AnnualStatementLineofBusiness\":\"194\",\"CoverageCode\":\"UM\",\"CoverageCodeDescription\":\"UM\",\"SublineCode\":\"621\",\"Claim_MadeIndicator\":null,\"ReinsuranceCode\":null,\"LineofBusiness\":\"CA\",\"BureauType\":null,\"DistributionChannel\":null,\"GroupDestinationCode\":null,\"ServiceOffice\":null,\"MasterAccountNumber\":null,\"AgencyNumber\":null,\"PolicyKindCode\":null,\"ProgramCode\":\"RET\",\"OrganizationCode\":null,\"SubProgramCode\":null,\"BusinessTypeCode\":null,\"PolicyTypeCode\":\"Primary\",\"CoveragePartCode\":null,\"MarketSegmentCode\":\"RET\",\"PolicyStructure\":\"GC\",\"InsurerSICCode\":null,\"OwnershipTypeCode\":null,\"TreatyCode\":null,\"TransactionExpirationDate\":null,\"PrimaryAddressZipCode\":null,\"PrimaryAddressCity\":null,\"PrimaryAddressCounty\":null,\"ClassCode\":\"7391\",\"RetroactiveDate\":null,\"TailDate\":null,\"ExtendedRPTNumber\":null,\"ExtendedAttachmentPNTNumber\":null,\"CoinsuranceValue\":null,\"PolicyEventTypeCode\":null,\"RenewalCount\":\"0\",\"CancellationDescription\":null,\"ExposureAmount\":\"12.0\",\"ExposureBase\":null,\"InsuredSICCode\":null,\"NumberOfEmployeeCount\":null,\"RevisionNumber\":\"1\",\"ISOCode\":null,\"InsuredPropertyLocationNumber\":null,\"PolicyLimitAmount_Aggregate\":null,\"PolicyLimitAmount_AggregateLimit\":null,\"PolicyLimitAmount_OcccurrenceLimit\":null,\"PolicyLimitAmount_OverrideAttachmentAggregateLimit\":null,\"CoverageDeductibleAmount_Retention\":null,\"CoverageDeductibleAmount_BodilyInjuryDeductibleCode\":null,\"CoverageLimitAmount_Aggregate\":null,\"CoverageLimitAmount_AggregateLimit\":null,\"CoverageLimitAmount_OccLimit\":null,\"CoverageLimitAmount_OccLimitPwc\":null,\"CoverageLimitAmount_Occurrence\":null,\"LineofBusinessExposureAmount_AssetSize\":null,\"LineofBusinessExposureAmount_AssetUnderMngmnt\":null,\"LineofBusinessExposureAmount_EmpCountTotal\":null,\"LineofBusinessExposureAmount_ManagedAssets\":null,\"LineofBusinessExposureAmount_MarketCapSize\":null,\"LineofBusinessExposureAmount_Revenue\":null,\"LineofBusinessExposureAmount_TotalPlanAsset\":null,\"LineofBusinessExposureBase_AssetSize\":null,\"LineofBusinessExposureBase_AssetUnderMngmnt\":null,\"LineofBusinessExposureBase_EmpCountTotal\":null,\"LineofBusinessExposureBase_ManagedAssets\":null,\"LineofBusinessExposureBase_MarketCapSize\":null,\"LineofBusinessExposureBase_Revenue\":null,\"LineofBusinessExposureBase_TotalPlanAsset\":null,\"CoverageLevelScheduleModifierRatePercent_ConsentToRate\":null,\"CoverageLevelScheduleModifierRatePercent_ExperienceFactor\":null,\"CoverageLevelScheduleModifierRatePercent_ExperienceMod\":null,\"CoverageLevelScheduleModifierRatePercent_ExperienceModFactor\":null,\"CoverageLevelScheduleModifierRatePercent_FinalRate\":null,\"CoverageLevelScheduleModifierRatePercent_Liability\":null,\"CoverageLevelScheduleModifierRatePercent_Liability_Detrend_Factor\":null,\"CoverageLevelScheduleModifierRatePercent_LossConstant\":null,\"CoverageLevelScheduleModifierRatePercent_LossCost\":null,\"CoverageLevelScheduleModifierRatePercent_LossCostMultiplier\":null,\"CoverageLevelScheduleModifierRatePercent_Loss_Cost_Multiplier\":\"1.685\",\"CoverageLevelScheduleModifierRatePercent_Medpay_Loss_Cost_Multiplier\":null,\"CoverageLevelScheduleModifierRatePercent_MeritMod\":null,\"CoverageLevelScheduleModifierRatePercent_NA\":null,\"CoverageLevelScheduleModifierRatePercent_PackageModificationFactor\":null,\"CoverageLevelScheduleModifierRatePercent_Physical_Damage_Detrend_Factor\":null,\"CoverageLevelScheduleModifierRatePercent_PremOps_Detrend_Factor\":null,\"CoverageLevelScheduleModifierRatePercent_Products_Detrend_Factor\":null,\"CoverageLevelScheduleModifierRatePercent_Rate\":null,\"CoverageLevelScheduleModifierRatePercent_RateDeviation\":null,\"CoverageLevelScheduleModifierRatePercent_ScheduleFactor\":null,\"CoverageLevelScheduleModifierRatePercent_ScheduleModifierFactor\":null,\"CoverageLevelScheduleModifierRatePercent_ScheduleModFactor\":null,\"CoverageLevelScheduleModifierRatePercent_Schedule_Modifier\":null,\"CoverageLevelScheduleModifierRatePercent_TerritorialDifferentialFactor\":null,\"CoverageLevelScheduleModifierRatePercent_Total_Modifier\":null},{\"SourceSystemName\":\"MajescoPolicy\",\"SourceSystemCode\":\"109\",\"WritingCompany\":\"qbeinsurancecorporation\",\"PolicySymbol\":null,\"PolicyNumber\":\"100054708\",\"OriginalPolicyNumber\":\"161000126\",\"ProductCode\":\"CA\",\"TransactionDate\":\"2022-04-29\",\"TransactionEffectiveDate\":\"2022-03-01\",\"TransactionType\":\"Coverage_Level_Premium\",\"TransactionCode\":\"14\",\"TransactionDesc\":\"convertQuote\",\"PolicyEffectiveDate\":\"2022-03-01\",\"PolicyExpirationDate\":\"2023-03-01\",\"UnderwritingYear\":\"2022\",\"AccountingYearMonth\":\"2022_5\",\"RiskState\":\"IL\",\"Cell\":\"MiddleMarket\",\"SegmentCode\":\"M0784\",\"FinancialLineofBusinessCode\":\"C1940\",\"ChangedPremiumAmount\":\"1035.0\",\"WrittenPremiumAmount\":\"1035.0\",\"CommissionPercentage\":\"15.0\",\"CommissionAmount\":\"746.55\",\"CommissionAmount_Calculated_\":\"155.25\",\"CompanyNumber\":null,\"CoverageTypeCode\":null,\"AnnualStatementLineofBusiness\":\"194\",\"CoverageCode\":\"LIAB\",\"CoverageCodeDescription\":\"Liability\",\"SublineCode\":\"611\",\"Claim_MadeIndicator\":null,\"ReinsuranceCode\":null,\"LineofBusiness\":\"CA\",\"BureauType\":null,\"DistributionChannel\":null,\"GroupDestinationCode\":null,\"ServiceOffice\":null,\"MasterAccountNumber\":null,\"AgencyNumber\":null,\"PolicyKindCode\":null,\"ProgramCode\":\"RET\",\"OrganizationCode\":null,\"SubProgramCode\":null,\"BusinessTypeCode\":null,\"PolicyTypeCode\":\"Primary\",\"CoveragePartCode\":null,\"MarketSegmentCode\":\"RET\",\"PolicyStructure\":\"GC\",\"InsurerSICCode\":null,\"OwnershipTypeCode\":null,\"TreatyCode\":null,\"TransactionExpirationDate\":null,\"PrimaryAddressZipCode\":null,\"PrimaryAddressCity\":null,\"PrimaryAddressCounty\":null,\"ClassCode\":\"7391\",\"RetroactiveDate\":null,\"TailDate\":null,\"ExtendedRPTNumber\":null,\"ExtendedAttachmentPNTNumber\":null,\"CoinsuranceValue\":null,\"PolicyEventTypeCode\":null,\"RenewalCount\":\"0\",\"CancellationDescription\":null,\"ExposureAmount\":\"12.0\",\"ExposureBase\":null,\"InsuredSICCode\":null,\"NumberOfEmployeeCount\":null,\"RevisionNumber\":\"1\",\"ISOCode\":null,\"InsuredPropertyLocationNumber\":null,\"PolicyLimitAmount_Aggregate\":null,\"PolicyLimitAmount_AggregateLimit\":null,\"PolicyLimitAmount_OcccurrenceLimit\":null,\"PolicyLimitAmount_OverrideAttachmentAggregateLimit\":null,\"CoverageDeductibleAmount_Retention\":null,\"CoverageDeductibleAmount_BodilyInjuryDeductibleCode\":null,\"CoverageLimitAmount_Aggregate\":null,\"CoverageLimitAmount_AggregateLimit\":null,\"CoverageLimitAmount_OccLimit\":null,\"CoverageLimitAmount_OccLimitPwc\":null,\"CoverageLimitAmount_Occurrence\":null,\"LineofBusinessExposureAmount_AssetSize\":null,\"LineofBusinessExposureAmount_AssetUnderMngmnt\":null,\"LineofBusinessExposureAmount_EmpCountTotal\":null,\"LineofBusinessExposureAmount_ManagedAssets\":null,\"LineofBusinessExposureAmount_MarketCapSize\":null,\"LineofBusinessExposureAmount_Revenue\":null,\"LineofBusinessExposureAmount_TotalPlanAsset\":null,\"LineofBusinessExposureBase_AssetSize\":null,\"LineofBusinessExposureBase_AssetUnderMngmnt\":null,\"LineofBusinessExposureBase_EmpCountTotal\":null,\"LineofBusinessExposureBase_ManagedAssets\":null,\"LineofBusinessExposureBase_MarketCapSize\":null,\"LineofBusinessExposureBase_Revenue\":null,\"LineofBusinessExposureBase_TotalPlanAsset\":null,\"CoverageLevelScheduleModifierRatePercent_ConsentToRate\":null,\"CoverageLevelScheduleModifierRatePercent_ExperienceFactor\":null,\"CoverageLevelScheduleModifierRatePercent_ExperienceMod\":null,\"CoverageLevelScheduleModifierRatePercent_ExperienceModFactor\":null,\"CoverageLevelScheduleModifierRatePercent_FinalRate\":null,\"CoverageLevelScheduleModifierRatePercent_Liability\":null,\"CoverageLevelScheduleModifierRatePercent_Liability_Detrend_Factor\":null,\"CoverageLevelScheduleModifierRatePercent_LossConstant\":null,\"CoverageLevelScheduleModifierRatePercent_LossCost\":null,\"CoverageLevelScheduleModifierRatePercent_LossCostMultiplier\":null,\"CoverageLevelScheduleModifierRatePercent_Loss_Cost_Multiplier\":\"1.873\",\"CoverageLevelScheduleModifierRatePercent_Medpay_Loss_Cost_Multiplier\":null,\"CoverageLevelScheduleModifierRatePercent_MeritMod\":null,\"CoverageLevelScheduleModifierRatePercent_NA\":null,\"CoverageLevelScheduleModifierRatePercent_PackageModificationFactor\":null,\"CoverageLevelScheduleModifierRatePercent_Physical_Damage_Detrend_Factor\":null,\"CoverageLevelScheduleModifierRatePercent_PremOps_Detrend_Factor\":null,\"CoverageLevelScheduleModifierRatePercent_Products_Detrend_Factor\":null,\"CoverageLevelScheduleModifierRatePercent_Rate\":null,\"CoverageLevelScheduleModifierRatePercent_RateDeviation\":null,\"CoverageLevelScheduleModifierRatePercent_ScheduleFactor\":null,\"CoverageLevelScheduleModifierRatePercent_ScheduleModifierFactor\":null,\"CoverageLevelScheduleModifierRatePercent_ScheduleModFactor\":null,\"CoverageLevelScheduleModifierRatePercent_Schedule_Modifier\":\"1.0\",\"CoverageLevelScheduleModifierRatePercent_TerritorialDifferentialFactor\":null,\"CoverageLevelScheduleModifierRatePercent_Total_Modifier\":null},{\"SourceSystemName\":\"MajescoPolicy\",\"SourceSystemCode\":\"109\",\"WritingCompany\":\"qbeinsurancecorporation\",\"PolicySymbol\":null,\"PolicyNumber\":\"100054708\",\"OriginalPolicyNumber\":\"161000126\",\"ProductCode\":\"CA\",\"TransactionDate\":\"2022-04-29\",\"TransactionEffectiveDate\":\"2022-03-01\",\"TransactionType\":\"Coverage_Level_Premium\",\"TransactionCode\":\"04\",\"TransactionDesc\":\"cancellation\",\"PolicyEffectiveDate\":\"2022-03-01\",\"PolicyExpirationDate\":\"2023-03-01\",\"UnderwritingYear\":\"2022\",\"AccountingYearMonth\":\"2022_5\",\"RiskState\":\"IL\",\"Cell\":\"MiddleMarket\",\"SegmentCode\":\"M0784\",\"FinancialLineofBusinessCode\":\"C2120\",\"ChangedPremiumAmount\":\"-331.0\",\"WrittenPremiumAmount\":\"0.0\",\"CommissionPercentage\":\"15.0\",\"CommissionAmount\":\"-746.55\",\"CommissionAmount_Calculated_\":\"-49.65\",\"CompanyNumber\":null,\"CoverageTypeCode\":null,\"AnnualStatementLineofBusiness\":\"212\",\"CoverageCode\":\"COLL\",\"CoverageCodeDescription\":\"Collision\",\"SublineCode\":\"618\",\"Claim_MadeIndicator\":null,\"ReinsuranceCode\":null,\"LineofBusiness\":\"CA\",\"BureauType\":null,\"DistributionChannel\":null,\"GroupDestinationCode\":null,\"ServiceOffice\":null,\"MasterAccountNumber\":null,\"AgencyNumber\":null,\"PolicyKindCode\":null,\"ProgramCode\":\"RET\",\"OrganizationCode\":null,\"SubProgramCode\":null,\"BusinessTypeCode\":null,\"PolicyTypeCode\":\"Primary\",\"CoveragePartCode\":null,\"MarketSegmentCode\":\"RET\",\"PolicyStructure\":\"GC\",\"InsurerSICCode\":null,\"OwnershipTypeCode\":null,\"TreatyCode\":null,\"TransactionExpirationDate\":null,\"PrimaryAddressZipCode\":null,\"PrimaryAddressCity\":null,\"PrimaryAddressCounty\":null,\"ClassCode\":\"7391\",\"RetroactiveDate\":null,\"TailDate\":null,\"ExtendedRPTNumber\":null,\"ExtendedAttachmentPNTNumber\":null,\"CoinsuranceValue\":null,\"PolicyEventTypeCode\":null,\"RenewalCount\":\"0\",\"CancellationDescription\":null,\"ExposureAmount\":\"0.0\",\"ExposureBase\":null,\"InsuredSICCode\":null,\"NumberOfEmployeeCount\":null,\"RevisionNumber\":\"1\",\"ISOCode\":null,\"InsuredPropertyLocationNumber\":null,\"PolicyLimitAmount_Aggregate\":null,\"PolicyLimitAmount_AggregateLimit\":null,\"PolicyLimitAmount_OcccurrenceLimit\":null,\"PolicyLimitAmount_OverrideAttachmentAggregateLimit\":null,\"CoverageDeductibleAmount_Retention\":null,\"CoverageDeductibleAmount_BodilyInjuryDeductibleCode\":null,\"CoverageLimitAmount_Aggregate\":null,\"CoverageLimitAmount_AggregateLimit\":null,\"CoverageLimitAmount_OccLimit\":null,\"CoverageLimitAmount_OccLimitPwc\":null,\"CoverageLimitAmount_Occurrence\":null,\"LineofBusinessExposureAmount_AssetSize\":null,\"LineofBusinessExposureAmount_AssetUnderMngmnt\":null,\"LineofBusinessExposureAmount_EmpCountTotal\":null,\"LineofBusinessExposureAmount_ManagedAssets\":null,\"LineofBusinessExposureAmount_MarketCapSize\":null,\"LineofBusinessExposureAmount_Revenue\":null,\"LineofBusinessExposureAmount_TotalPlanAsset\":null,\"LineofBusinessExposureBase_AssetSize\":null,\"LineofBusinessExposureBase_AssetUnderMngmnt\":null,\"LineofBusinessExposureBase_EmpCountTotal\":null,\"LineofBusinessExposureBase_ManagedAssets\":null,\"LineofBusinessExposureBase_MarketCapSize\":null,\"LineofBusinessExposureBase_Revenue\":null,\"LineofBusinessExposureBase_TotalPlanAsset\":null,\"CoverageLevelScheduleModifierRatePercent_ConsentToRate\":null,\"CoverageLevelScheduleModifierRatePercent_ExperienceFactor\":null,\"CoverageLevelScheduleModifierRatePercent_ExperienceMod\":null,\"CoverageLevelScheduleModifierRatePercent_ExperienceModFactor\":null,\"CoverageLevelScheduleModifierRatePercent_FinalRate\":null,\"CoverageLevelScheduleModifierRatePercent_Liability\":null,\"CoverageLevelScheduleModifierRatePercent_Liability_Detrend_Factor\":null,\"CoverageLevelScheduleModifierRatePercent_LossConstant\":null,\"CoverageLevelScheduleModifierRatePercent_LossCost\":null,\"CoverageLevelScheduleModifierRatePercent_LossCostMultiplier\":null,\"CoverageLevelScheduleModifierRatePercent_Loss_Cost_Multiplier\":\"1.873\",\"CoverageLevelScheduleModifierRatePercent_Medpay_Loss_Cost_Multiplier\":null,\"CoverageLevelScheduleModifierRatePercent_MeritMod\":null,\"CoverageLevelScheduleModifierRatePercent_NA\":null,\"CoverageLevelScheduleModifierRatePercent_PackageModificationFactor\":null,\"CoverageLevelScheduleModifierRatePercent_Physical_Damage_Detrend_Factor\":null,\"CoverageLevelScheduleModifierRatePercent_PremOps_Detrend_Factor\":null,\"CoverageLevelScheduleModifierRatePercent_Products_Detrend_Factor\":null,\"CoverageLevelScheduleModifierRatePercent_Rate\":null,\"CoverageLevelScheduleModifierRatePercent_RateDeviation\":null,\"CoverageLevelScheduleModifierRatePercent_ScheduleFactor\":null,\"CoverageLevelScheduleModifierRatePercent_ScheduleModifierFactor\":null,\"CoverageLevelScheduleModifierRatePercent_ScheduleModFactor\":null,\"CoverageLevelScheduleModifierRatePercent_Schedule_Modifier\":\"1.0\",\"CoverageLevelScheduleModifierRatePercent_TerritorialDifferentialFactor\":null,\"CoverageLevelScheduleModifierRatePercent_Total_Modifier\":null},{\"SourceSystemName\":\"MajescoPolicy\",\"SourceSystemCode\":\"109\",\"WritingCompany\":\"qbeinsurancecorporation\",\"PolicySymbol\":null,\"PolicyNumber\":\"100054708\",\"OriginalPolicyNumber\":\"161000126\",\"ProductCode\":\"CA\",\"TransactionDate\":\"2022-04-29\",\"TransactionEffectiveDate\":\"2022-03-01\",\"TransactionType\":\"Coverage_Level_Premium\",\"TransactionCode\":\"04\",\"TransactionDesc\":\"cancellation\",\"PolicyEffectiveDate\":\"2022-03-01\",\"PolicyExpirationDate\":\"2023-03-01\",\"UnderwritingYear\":\"2022\",\"AccountingYearMonth\":\"2022_5\",\"RiskState\":\"MN\",\"Cell\":\"MiddleMarket\",\"SegmentCode\":\"M0784\",\"FinancialLineofBusinessCode\":\"C2120\",\"ChangedPremiumAmount\":\"-559.0\",\"WrittenPremiumAmount\":\"0.0\",\"CommissionPercentage\":\"15.0\",\"CommissionAmount\":\"-746.55\",\"CommissionAmount_Calculated_\":\"-83.85\",\"CompanyNumber\":null,\"CoverageTypeCode\":null,\"AnnualStatementLineofBusiness\":\"212\",\"CoverageCode\":\"COLL\",\"CoverageCodeDescription\":\"Collision\",\"SublineCode\":\"618\",\"Claim_MadeIndicator\":null,\"ReinsuranceCode\":null,\"LineofBusiness\":\"CA\",\"BureauType\":null,\"DistributionChannel\":null,\"GroupDestinationCode\":null,\"ServiceOffice\":null,\"MasterAccountNumber\":null,\"AgencyNumber\":null,\"PolicyKindCode\":null,\"ProgramCode\":\"RET\",\"OrganizationCode\":null,\"SubProgramCode\":null,\"BusinessTypeCode\":null,\"PolicyTypeCode\":\"Primary\",\"CoveragePartCode\":null,\"MarketSegmentCode\":\"RET\",\"PolicyStructure\":\"GC\",\"InsurerSICCode\":null,\"OwnershipTypeCode\":null,\"TreatyCode\":null,\"TransactionExpirationDate\":null,\"PrimaryAddressZipCode\":null,\"PrimaryAddressCity\":null,\"PrimaryAddressCounty\":null,\"ClassCode\":\"7391\",\"RetroactiveDate\":null,\"TailDate\":null,\"ExtendedRPTNumber\":null,\"ExtendedAttachmentPNTNumber\":null,\"CoinsuranceValue\":null,\"PolicyEventTypeCode\":null,\"RenewalCount\":\"0\",\"CancellationDescription\":null,\"ExposureAmount\":\"0.0\",\"ExposureBase\":null,\"InsuredSICCode\":null,\"NumberOfEmployeeCount\":null,\"RevisionNumber\":\"1\",\"ISOCode\":null,\"InsuredPropertyLocationNumber\":null,\"PolicyLimitAmount_Aggregate\":null,\"PolicyLimitAmount_AggregateLimit\":null,\"PolicyLimitAmount_OcccurrenceLimit\":null,\"PolicyLimitAmount_OverrideAttachmentAggregateLimit\":null,\"CoverageDeductibleAmount_Retention\":null,\"CoverageDeductibleAmount_BodilyInjuryDeductibleCode\":null,\"CoverageLimitAmount_Aggregate\":null,\"CoverageLimitAmount_AggregateLimit\":null,\"CoverageLimitAmount_OccLimit\":null,\"CoverageLimitAmount_OccLimitPwc\":null,\"CoverageLimitAmount_Occurrence\":null,\"LineofBusinessExposureAmount_AssetSize\":null,\"LineofBusinessExposureAmount_AssetUnderMngmnt\":null,\"LineofBusinessExposureAmount_EmpCountTotal\":null,\"LineofBusinessExposureAmount_ManagedAssets\":null,\"LineofBusinessExposureAmount_MarketCapSize\":null,\"LineofBusinessExposureAmount_Revenue\":null,\"LineofBusinessExposureAmount_TotalPlanAsset\":null,\"LineofBusinessExposureBase_AssetSize\":null,\"LineofBusinessExposureBase_AssetUnderMngmnt\":null,\"LineofBusinessExposureBase_EmpCountTotal\":null,\"LineofBusinessExposureBase_ManagedAssets\":null,\"LineofBusinessExposureBase_MarketCapSize\":null,\"LineofBusinessExposureBase_Revenue\":null,\"LineofBusinessExposureBase_TotalPlanAsset\":null,\"CoverageLevelScheduleModifierRatePercent_ConsentToRate\":null,\"CoverageLevelScheduleModifierRatePercent_ExperienceFactor\":null,\"CoverageLevelScheduleModifierRatePercent_ExperienceMod\":null,\"CoverageLevelScheduleModifierRatePercent_ExperienceModFactor\":null,\"CoverageLevelScheduleModifierRatePercent_FinalRate\":null,\"CoverageLevelScheduleModifierRatePercent_Liability\":null,\"CoverageLevelScheduleModifierRatePercent_Liability_Detrend_Factor\":null,\"CoverageLevelScheduleModifierRatePercent_LossConstant\":null,\"CoverageLevelScheduleModifierRatePercent_LossCost\":null,\"CoverageLevelScheduleModifierRatePercent_LossCostMultiplier\":null,\"CoverageLevelScheduleModifierRatePercent_Loss_Cost_Multiplier\":\"1.795\",\"CoverageLevelScheduleModifierRatePercent_Medpay_Loss_Cost_Multiplier\":null,\"CoverageLevelScheduleModifierRatePercent_MeritMod\":null,\"CoverageLevelScheduleModifierRatePercent_NA\":null,\"CoverageLevelScheduleModifierRatePercent_PackageModificationFactor\":null,\"CoverageLevelScheduleModifierRatePercent_Physical_Damage_Detrend_Factor\":null,\"CoverageLevelScheduleModifierRatePercent_PremOps_Detrend_Factor\":null,\"CoverageLevelScheduleModifierRatePercent_Products_Detrend_Factor\":null,\"CoverageLevelScheduleModifierRatePercent_Rate\":null,\"CoverageLevelScheduleModifierRatePercent_RateDeviation\":null,\"CoverageLevelScheduleModifierRatePercent_ScheduleFactor\":null,\"CoverageLevelScheduleModifierRatePercent_ScheduleModifierFactor\":null,\"CoverageLevelScheduleModifierRatePercent_ScheduleModFactor\":null,\"CoverageLevelScheduleModifierRatePercent_Schedule_Modifier\":\"1.0\",\"CoverageLevelScheduleModifierRatePercent_TerritorialDifferentialFactor\":null,\"CoverageLevelScheduleModifierRatePercent_Total_Modifier\":null},{\"SourceSystemName\":\"MajescoPolicy\",\"SourceSystemCode\":\"109\",\"WritingCompany\":\"qbeinsurancecorporation\",\"PolicySymbol\":null,\"PolicyNumber\":\"100054708\",\"OriginalPolicyNumber\":\"161000126\",\"ProductCode\":\"CA\",\"TransactionDate\":\"2022-04-29\",\"TransactionEffectiveDate\":\"2022-03-01\",\"TransactionType\":\"Coverage_Level_Premium\",\"TransactionCode\":\"14\",\"TransactionDesc\":\"convertQuote\",\"PolicyEffectiveDate\":\"2022-03-01\",\"PolicyExpirationDate\":\"2023-03-01\",\"UnderwritingYear\":\"2022\",\"AccountingYearMonth\":\"2022_5\",\"RiskState\":\"IL\",\"Cell\":\"MiddleMarket\",\"SegmentCode\":\"M0784\",\"FinancialLineofBusinessCode\":\"C2120\",\"ChangedPremiumAmount\":\"212.0\",\"WrittenPremiumAmount\":\"212.0\",\"CommissionPercentage\":\"15.0\",\"CommissionAmount\":\"746.55\",\"CommissionAmount_Calculated_\":\"31.8\",\"CompanyNumber\":null,\"CoverageTypeCode\":null,\"AnnualStatementLineofBusiness\":\"212\",\"CoverageCode\":\"OTC\",\"CoverageCodeDescription\":\"OtherThanCollision\",\"SublineCode\":\"618\",\"Claim_MadeIndicator\":null,\"ReinsuranceCode\":null,\"LineofBusiness\":\"CA\",\"BureauType\":null,\"DistributionChannel\":null,\"GroupDestinationCode\":null,\"ServiceOffice\":null,\"MasterAccountNumber\":null,\"AgencyNumber\":null,\"PolicyKindCode\":null,\"ProgramCode\":\"RET\",\"OrganizationCode\":null,\"SubProgramCode\":null,\"BusinessTypeCode\":null,\"PolicyTypeCode\":\"Primary\",\"CoveragePartCode\":null,\"MarketSegmentCode\":\"RET\",\"PolicyStructure\":\"GC\",\"InsurerSICCode\":null,\"OwnershipTypeCode\":null,\"TreatyCode\":null,\"TransactionExpirationDate\":null,\"PrimaryAddressZipCode\":null,\"PrimaryAddressCity\":null,\"PrimaryAddressCounty\":null,\"ClassCode\":\"7391\",\"RetroactiveDate\":null,\"TailDate\":null,\"ExtendedRPTNumber\":null,\"ExtendedAttachmentPNTNumber\":null,\"CoinsuranceValue\":null,\"PolicyEventTypeCode\":null,\"RenewalCount\":\"0\",\"CancellationDescription\":null,\"ExposureAmount\":\"12.0\",\"ExposureBase\":null,\"InsuredSICCode\":null,\"NumberOfEmployeeCount\":null,\"RevisionNumber\":\"1\",\"ISOCode\":null,\"InsuredPropertyLocationNumber\":null,\"PolicyLimitAmount_Aggregate\":null,\"PolicyLimitAmount_AggregateLimit\":null,\"PolicyLimitAmount_OcccurrenceLimit\":null,\"PolicyLimitAmount_OverrideAttachmentAggregateLimit\":null,\"CoverageDeductibleAmount_Retention\":null,\"CoverageDeductibleAmount_BodilyInjuryDeductibleCode\":null,\"CoverageLimitAmount_Aggregate\":null,\"CoverageLimitAmount_AggregateLimit\":null,\"CoverageLimitAmount_OccLimit\":null,\"CoverageLimitAmount_OccLimitPwc\":null,\"CoverageLimitAmount_Occurrence\":null,\"LineofBusinessExposureAmount_AssetSize\":null,\"LineofBusinessExposureAmount_AssetUnderMngmnt\":null,\"LineofBusinessExposureAmount_EmpCountTotal\":null,\"LineofBusinessExposureAmount_ManagedAssets\":null,\"LineofBusinessExposureAmount_MarketCapSize\":null,\"LineofBusinessExposureAmount_Revenue\":null,\"LineofBusinessExposureAmount_TotalPlanAsset\":null,\"LineofBusinessExposureBase_AssetSize\":null,\"LineofBusinessExposureBase_AssetUnderMngmnt\":null,\"LineofBusinessExposureBase_EmpCountTotal\":null,\"LineofBusinessExposureBase_ManagedAssets\":null,\"LineofBusinessExposureBase_MarketCapSize\":null,\"LineofBusinessExposureBase_Revenue\":null,\"LineofBusinessExposureBase_TotalPlanAsset\":null,\"CoverageLevelScheduleModifierRatePercent_ConsentToRate\":null,\"CoverageLevelScheduleModifierRatePercent_ExperienceFactor\":null,\"CoverageLevelScheduleModifierRatePercent_ExperienceMod\":null,\"CoverageLevelScheduleModifierRatePercent_ExperienceModFactor\":null,\"CoverageLevelScheduleModifierRatePercent_FinalRate\":null,\"CoverageLevelScheduleModifierRatePercent_Liability\":null,\"CoverageLevelScheduleModifierRatePercent_Liability_Detrend_Factor\":null,\"CoverageLevelScheduleModifierRatePercent_LossConstant\":null,\"CoverageLevelScheduleModifierRatePercent_LossCost\":null,\"CoverageLevelScheduleModifierRatePercent_LossCostMultiplier\":null,\"CoverageLevelScheduleModifierRatePercent_Loss_Cost_Multiplier\":\"1.873\",\"CoverageLevelScheduleModifierRatePercent_Medpay_Loss_Cost_Multiplier\":null,\"CoverageLevelScheduleModifierRatePercent_MeritMod\":null,\"CoverageLevelScheduleModifierRatePercent_NA\":null,\"CoverageLevelScheduleModifierRatePercent_PackageModificationFactor\":null,\"CoverageLevelScheduleModifierRatePercent_Physical_Damage_Detrend_Factor\":null,\"CoverageLevelScheduleModifierRatePercent_PremOps_Detrend_Factor\":null,\"CoverageLevelScheduleModifierRatePercent_Products_Detrend_Factor\":null,\"CoverageLevelScheduleModifierRatePercent_Rate\":null,\"CoverageLevelScheduleModifierRatePercent_RateDeviation\":null,\"CoverageLevelScheduleModifierRatePercent_ScheduleFactor\":null,\"CoverageLevelScheduleModifierRatePercent_ScheduleModifierFactor\":null,\"CoverageLevelScheduleModifierRatePercent_ScheduleModFactor\":null,\"CoverageLevelScheduleModifierRatePercent_Schedule_Modifier\":\"1.0\",\"CoverageLevelScheduleModifierRatePercent_TerritorialDifferentialFactor\":null,\"CoverageLevelScheduleModifierRatePercent_Total_Modifier\":null},{\"SourceSystemName\":\"MajescoPolicy\",\"SourceSystemCode\":\"109\",\"WritingCompany\":\"qbeinsurancecorporation\",\"PolicySymbol\":null,\"PolicyNumber\":\"100054708\",\"OriginalPolicyNumber\":\"161000126\",\"ProductCode\":\"CA\",\"TransactionDate\":\"2022-04-29\",\"TransactionEffectiveDate\":\"2022-03-01\",\"TransactionType\":\"Coverage_Level_Premium\",\"TransactionCode\":\"04\",\"TransactionDesc\":\"cancellation\",\"PolicyEffectiveDate\":\"2022-03-01\",\"PolicyExpirationDate\":\"2023-03-01\",\"UnderwritingYear\":\"2022\",\"AccountingYearMonth\":\"2022_5\",\"RiskState\":\"IL\",\"Cell\":\"MiddleMarket\",\"SegmentCode\":\"M0784\",\"FinancialLineofBusinessCode\":\"C2120\",\"ChangedPremiumAmount\":\"-212.0\",\"WrittenPremiumAmount\":\"0.0\",\"CommissionPercentage\":\"15.0\",\"CommissionAmount\":\"-746.55\",\"CommissionAmount_Calculated_\":\"-31.8\",\"CompanyNumber\":null,\"CoverageTypeCode\":null,\"AnnualStatementLineofBusiness\":\"212\",\"CoverageCode\":\"OTC\",\"CoverageCodeDescription\":\"OtherThanCollision\",\"SublineCode\":\"618\",\"Claim_MadeIndicator\":null,\"ReinsuranceCode\":null,\"LineofBusiness\":\"CA\",\"BureauType\":null,\"DistributionChannel\":null,\"GroupDestinationCode\":null,\"ServiceOffice\":null,\"MasterAccountNumber\":null,\"AgencyNumber\":null,\"PolicyKindCode\":null,\"ProgramCode\":\"RET\",\"OrganizationCode\":null,\"SubProgramCode\":null,\"BusinessTypeCode\":null,\"PolicyTypeCode\":\"Primary\",\"CoveragePartCode\":null,\"MarketSegmentCode\":\"RET\",\"PolicyStructure\":\"GC\",\"InsurerSICCode\":null,\"OwnershipTypeCode\":null,\"TreatyCode\":null,\"TransactionExpirationDate\":null,\"PrimaryAddressZipCode\":null,\"PrimaryAddressCity\":null,\"PrimaryAddressCounty\":null,\"ClassCode\":\"7391\",\"RetroactiveDate\":null,\"TailDate\":null,\"ExtendedRPTNumber\":null,\"ExtendedAttachmentPNTNumber\":null,\"CoinsuranceValue\":null,\"PolicyEventTypeCode\":null,\"RenewalCount\":\"0\",\"CancellationDescription\":null,\"ExposureAmount\":\"0.0\",\"ExposureBase\":null,\"InsuredSICCode\":null,\"NumberOfEmployeeCount\":null,\"RevisionNumber\":\"1\",\"ISOCode\":null,\"InsuredPropertyLocationNumber\":null,\"PolicyLimitAmount_Aggregate\":null,\"PolicyLimitAmount_AggregateLimit\":null,\"PolicyLimitAmount_OcccurrenceLimit\":null,\"PolicyLimitAmount_OverrideAttachmentAggregateLimit\":null,\"CoverageDeductibleAmount_Retention\":null,\"CoverageDeductibleAmount_BodilyInjuryDeductibleCode\":null,\"CoverageLimitAmount_Aggregate\":null,\"CoverageLimitAmount_AggregateLimit\":null,\"CoverageLimitAmount_OccLimit\":null,\"CoverageLimitAmount_OccLimitPwc\":null,\"CoverageLimitAmount_Occurrence\":null,\"LineofBusinessExposureAmount_AssetSize\":null,\"LineofBusinessExposureAmount_AssetUnderMngmnt\":null,\"LineofBusinessExposureAmount_EmpCountTotal\":null,\"LineofBusinessExposureAmount_ManagedAssets\":null,\"LineofBusinessExposureAmount_MarketCapSize\":null,\"LineofBusinessExposureAmount_Revenue\":null,\"LineofBusinessExposureAmount_TotalPlanAsset\":null,\"LineofBusinessExposureBase_AssetSize\":null,\"LineofBusinessExposureBase_AssetUnderMngmnt\":null,\"LineofBusinessExposureBase_EmpCountTotal\":null,\"LineofBusinessExposureBase_ManagedAssets\":null,\"LineofBusinessExposureBase_MarketCapSize\":null,\"LineofBusinessExposureBase_Revenue\":null,\"LineofBusinessExposureBase_TotalPlanAsset\":null,\"CoverageLevelScheduleModifierRatePercent_ConsentToRate\":null,\"CoverageLevelScheduleModifierRatePercent_ExperienceFactor\":null,\"CoverageLevelScheduleModifierRatePercent_ExperienceMod\":null,\"CoverageLevelScheduleModifierRatePercent_ExperienceModFactor\":null,\"CoverageLevelScheduleModifierRatePercent_FinalRate\":null,\"CoverageLevelScheduleModifierRatePercent_Liability\":null,\"CoverageLevelScheduleModifierRatePercent_Liability_Detrend_Factor\":null,\"CoverageLevelScheduleModifierRatePercent_LossConstant\":null,\"CoverageLevelScheduleModifierRatePercent_LossCost\":null,\"CoverageLevelScheduleModifierRatePercent_LossCostMultiplier\":null,\"CoverageLevelScheduleModifierRatePercent_Loss_Cost_Multiplier\":\"1.873\",\"CoverageLevelScheduleModifierRatePercent_Medpay_Loss_Cost_Multiplier\":null,\"CoverageLevelScheduleModifierRatePercent_MeritMod\":null,\"CoverageLevelScheduleModifierRatePercent_NA\":null,\"CoverageLevelScheduleModifierRatePercent_PackageModificationFactor\":null,\"CoverageLevelScheduleModifierRatePercent_Physical_Damage_Detrend_Factor\":null,\"CoverageLevelScheduleModifierRatePercent_PremOps_Detrend_Factor\":null,\"CoverageLevelScheduleModifierRatePercent_Products_Detrend_Factor\":null,\"CoverageLevelScheduleModifierRatePercent_Rate\":null,\"CoverageLevelScheduleModifierRatePercent_RateDeviation\":null,\"CoverageLevelScheduleModifierRatePercent_ScheduleFactor\":null,\"CoverageLevelScheduleModifierRatePercent_ScheduleModifierFactor\":null,\"CoverageLevelScheduleModifierRatePercent_ScheduleModFactor\":null,\"CoverageLevelScheduleModifierRatePercent_Schedule_Modifier\":\"1.0\",\"CoverageLevelScheduleModifierRatePercent_TerritorialDifferentialFactor\":null,\"CoverageLevelScheduleModifierRatePercent_Total_Modifier\":null},{\"SourceSystemName\":\"MajescoPolicy\",\"SourceSystemCode\":\"109\",\"WritingCompany\":\"qbeinsurancecorporation\",\"PolicySymbol\":null,\"PolicyNumber\":\"100054708\",\"OriginalPolicyNumber\":\"161000126\",\"ProductCode\":\"CA\",\"TransactionDate\":\"2022-04-29\",\"TransactionEffectiveDate\":\"2022-03-01\",\"TransactionType\":\"Coverage_Level_Premium\",\"TransactionCode\":\"04\",\"TransactionDesc\":\"cancellation\",\"PolicyEffectiveDate\":\"2022-03-01\",\"PolicyExpirationDate\":\"2023-03-01\",\"UnderwritingYear\":\"2022\",\"AccountingYearMonth\":\"2022_5\",\"RiskState\":\"IL\",\"Cell\":\"MiddleMarket\",\"SegmentCode\":\"M0784\",\"FinancialLineofBusinessCode\":\"C1940\",\"ChangedPremiumAmount\":\"-17.0\",\"WrittenPremiumAmount\":\"0.0\",\"CommissionPercentage\":\"15.0\",\"CommissionAmount\":\"-746.55\",\"CommissionAmount_Calculated_\":\"-2.55\",\"CompanyNumber\":null,\"CoverageTypeCode\":null,\"AnnualStatementLineofBusiness\":\"194\",\"CoverageCode\":\"MEDPAY\",\"CoverageCodeDescription\":\"MedicalPayments\",\"SublineCode\":\"620\",\"Claim_MadeIndicator\":null,\"ReinsuranceCode\":null,\"LineofBusiness\":\"CA\",\"BureauType\":null,\"DistributionChannel\":null,\"GroupDestinationCode\":null,\"ServiceOffice\":null,\"MasterAccountNumber\":null,\"AgencyNumber\":null,\"PolicyKindCode\":null,\"ProgramCode\":\"RET\",\"OrganizationCode\":null,\"SubProgramCode\":null,\"BusinessTypeCode\":null,\"PolicyTypeCode\":\"Primary\",\"CoveragePartCode\":null,\"MarketSegmentCode\":\"RET\",\"PolicyStructure\":\"GC\",\"InsurerSICCode\":null,\"OwnershipTypeCode\":null,\"TreatyCode\":null,\"TransactionExpirationDate\":null,\"PrimaryAddressZipCode\":null,\"PrimaryAddressCity\":null,\"PrimaryAddressCounty\":null,\"ClassCode\":\"7391\",\"RetroactiveDate\":null,\"TailDate\":null,\"ExtendedRPTNumber\":null,\"ExtendedAttachmentPNTNumber\":null,\"CoinsuranceValue\":null,\"PolicyEventTypeCode\":null,\"RenewalCount\":\"0\",\"CancellationDescription\":null,\"ExposureAmount\":\"0.0\",\"ExposureBase\":null,\"InsuredSICCode\":null,\"NumberOfEmployeeCount\":null,\"RevisionNumber\":\"1\",\"ISOCode\":null,\"InsuredPropertyLocationNumber\":null,\"PolicyLimitAmount_Aggregate\":null,\"PolicyLimitAmount_AggregateLimit\":null,\"PolicyLimitAmount_OcccurrenceLimit\":null,\"PolicyLimitAmount_OverrideAttachmentAggregateLimit\":null,\"CoverageDeductibleAmount_Retention\":null,\"CoverageDeductibleAmount_BodilyInjuryDeductibleCode\":null,\"CoverageLimitAmount_Aggregate\":null,\"CoverageLimitAmount_AggregateLimit\":null,\"CoverageLimitAmount_OccLimit\":null,\"CoverageLimitAmount_OccLimitPwc\":null,\"CoverageLimitAmount_Occurrence\":null,\"LineofBusinessExposureAmount_AssetSize\":null,\"LineofBusinessExposureAmount_AssetUnderMngmnt\":null,\"LineofBusinessExposureAmount_EmpCountTotal\":null,\"LineofBusinessExposureAmount_ManagedAssets\":null,\"LineofBusinessExposureAmount_MarketCapSize\":null,\"LineofBusinessExposureAmount_Revenue\":null,\"LineofBusinessExposureAmount_TotalPlanAsset\":null,\"LineofBusinessExposureBase_AssetSize\":null,\"LineofBusinessExposureBase_AssetUnderMngmnt\":null,\"LineofBusinessExposureBase_EmpCountTotal\":null,\"LineofBusinessExposureBase_ManagedAssets\":null,\"LineofBusinessExposureBase_MarketCapSize\":null,\"LineofBusinessExposureBase_Revenue\":null,\"LineofBusinessExposureBase_TotalPlanAsset\":null,\"CoverageLevelScheduleModifierRatePercent_ConsentToRate\":null,\"CoverageLevelScheduleModifierRatePercent_ExperienceFactor\":null,\"CoverageLevelScheduleModifierRatePercent_ExperienceMod\":null,\"CoverageLevelScheduleModifierRatePercent_ExperienceModFactor\":null,\"CoverageLevelScheduleModifierRatePercent_FinalRate\":null,\"CoverageLevelScheduleModifierRatePercent_Liability\":null,\"CoverageLevelScheduleModifierRatePercent_Liability_Detrend_Factor\":null,\"CoverageLevelScheduleModifierRatePercent_LossConstant\":null,\"CoverageLevelScheduleModifierRatePercent_LossCost\":null,\"CoverageLevelScheduleModifierRatePercent_LossCostMultiplier\":null,\"CoverageLevelScheduleModifierRatePercent_Loss_Cost_Multiplier\":null,\"CoverageLevelScheduleModifierRatePercent_Medpay_Loss_Cost_Multiplier\":\"1.873\",\"CoverageLevelScheduleModifierRatePercent_MeritMod\":null,\"CoverageLevelScheduleModifierRatePercent_NA\":null,\"CoverageLevelScheduleModifierRatePercent_PackageModificationFactor\":null,\"CoverageLevelScheduleModifierRatePercent_Physical_Damage_Detrend_Factor\":null,\"CoverageLevelScheduleModifierRatePercent_PremOps_Detrend_Factor\":null,\"CoverageLevelScheduleModifierRatePercent_Products_Detrend_Factor\":null,\"CoverageLevelScheduleModifierRatePercent_Rate\":null,\"CoverageLevelScheduleModifierRatePercent_RateDeviation\":null,\"CoverageLevelScheduleModifierRatePercent_ScheduleFactor\":null,\"CoverageLevelScheduleModifierRatePercent_ScheduleModifierFactor\":null,\"CoverageLevelScheduleModifierRatePercent_ScheduleModFactor\":null,\"CoverageLevelScheduleModifierRatePercent_Schedule_Modifier\":null,\"CoverageLevelScheduleModifierRatePercent_TerritorialDifferentialFactor\":null,\"CoverageLevelScheduleModifierRatePercent_Total_Modifier\":null},{\"SourceSystemName\":\"MajescoPolicy\",\"SourceSystemCode\":\"109\",\"WritingCompany\":\"qbeinsurancecorporation\",\"PolicySymbol\":null,\"PolicyNumber\":\"100054708\",\"OriginalPolicyNumber\":\"161000126\",\"ProductCode\":\"CA\",\"TransactionDate\":\"2022-04-29\",\"TransactionEffectiveDate\":\"2022-03-01\",\"TransactionType\":\"Coverage_Level_Premium\",\"TransactionCode\":\"04\",\"TransactionDesc\":\"cancellation\",\"PolicyEffectiveDate\":\"2022-03-01\",\"PolicyExpirationDate\":\"2023-03-01\",\"UnderwritingYear\":\"2022\",\"AccountingYearMonth\":\"2022_5\",\"RiskState\":\"MN\",\"Cell\":\"MiddleMarket\",\"SegmentCode\":\"M0784\",\"FinancialLineofBusinessCode\":\"C1940\",\"ChangedPremiumAmount\":\"-840.0\",\"WrittenPremiumAmount\":\"0.0\",\"CommissionPercentage\":\"15.0\",\"CommissionAmount\":\"-746.55\",\"CommissionAmount_Calculated_\":\"-126.0\",\"CompanyNumber\":null,\"CoverageTypeCode\":null,\"AnnualStatementLineofBusiness\":\"194\",\"CoverageCode\":\"LIAB\",\"CoverageCodeDescription\":\"Liability\",\"SublineCode\":\"611\",\"Claim_MadeIndicator\":null,\"ReinsuranceCode\":null,\"LineofBusiness\":\"CA\",\"BureauType\":null,\"DistributionChannel\":null,\"GroupDestinationCode\":null,\"ServiceOffice\":null,\"MasterAccountNumber\":null,\"AgencyNumber\":null,\"PolicyKindCode\":null,\"ProgramCode\":\"RET\",\"OrganizationCode\":null,\"SubProgramCode\":null,\"BusinessTypeCode\":null,\"PolicyTypeCode\":\"Primary\",\"CoveragePartCode\":null,\"MarketSegmentCode\":\"RET\",\"PolicyStructure\":\"GC\",\"InsurerSICCode\":null,\"OwnershipTypeCode\":null,\"TreatyCode\":null,\"TransactionExpirationDate\":null,\"PrimaryAddressZipCode\":null,\"PrimaryAddressCity\":null,\"PrimaryAddressCounty\":null,\"ClassCode\":\"7391\",\"RetroactiveDate\":null,\"TailDate\":null,\"ExtendedRPTNumber\":null,\"ExtendedAttachmentPNTNumber\":null,\"CoinsuranceValue\":null,\"PolicyEventTypeCode\":null,\"RenewalCount\":\"0\",\"CancellationDescription\":null,\"ExposureAmount\":\"0.0\",\"ExposureBase\":null,\"InsuredSICCode\":null,\"NumberOfEmployeeCount\":null,\"RevisionNumber\":\"1\",\"ISOCode\":null,\"InsuredPropertyLocationNumber\":null,\"PolicyLimitAmount_Aggregate\":null,\"PolicyLimitAmount_AggregateLimit\":null,\"PolicyLimitAmount_OcccurrenceLimit\":null,\"PolicyLimitAmount_OverrideAttachmentAggregateLimit\":null,\"CoverageDeductibleAmount_Retention\":null,\"CoverageDeductibleAmount_BodilyInjuryDeductibleCode\":null,\"CoverageLimitAmount_Aggregate\":null,\"CoverageLimitAmount_AggregateLimit\":null,\"CoverageLimitAmount_OccLimit\":null,\"CoverageLimitAmount_OccLimitPwc\":null,\"CoverageLimitAmount_Occurrence\":null,\"LineofBusinessExposureAmount_AssetSize\":null,\"LineofBusinessExposureAmount_AssetUnderMngmnt\":null,\"LineofBusinessExposureAmount_EmpCountTotal\":null,\"LineofBusinessExposureAmount_ManagedAssets\":null,\"LineofBusinessExposureAmount_MarketCapSize\":null,\"LineofBusinessExposureAmount_Revenue\":null,\"LineofBusinessExposureAmount_TotalPlanAsset\":null,\"LineofBusinessExposureBase_AssetSize\":null,\"LineofBusinessExposureBase_AssetUnderMngmnt\":null,\"LineofBusinessExposureBase_EmpCountTotal\":null,\"LineofBusinessExposureBase_ManagedAssets\":null,\"LineofBusinessExposureBase_MarketCapSize\":null,\"LineofBusinessExposureBase_Revenue\":null,\"LineofBusinessExposureBase_TotalPlanAsset\":null,\"CoverageLevelScheduleModifierRatePercent_ConsentToRate\":null,\"CoverageLevelScheduleModifierRatePercent_ExperienceFactor\":null,\"CoverageLevelScheduleModifierRatePercent_ExperienceMod\":null,\"CoverageLevelScheduleModifierRatePercent_ExperienceModFactor\":null,\"CoverageLevelScheduleModifierRatePercent_FinalRate\":null,\"CoverageLevelScheduleModifierRatePercent_Liability\":null,\"CoverageLevelScheduleModifierRatePercent_Liability_Detrend_Factor\":null,\"CoverageLevelScheduleModifierRatePercent_LossConstant\":null,\"CoverageLevelScheduleModifierRatePercent_LossCost\":null,\"CoverageLevelScheduleModifierRatePercent_LossCostMultiplier\":null,\"CoverageLevelScheduleModifierRatePercent_Loss_Cost_Multiplier\":\"1.685\",\"CoverageLevelScheduleModifierRatePercent_Medpay_Loss_Cost_Multiplier\":null,\"CoverageLevelScheduleModifierRatePercent_MeritMod\":null,\"CoverageLevelScheduleModifierRatePercent_NA\":null,\"CoverageLevelScheduleModifierRatePercent_PackageModificationFactor\":null,\"CoverageLevelScheduleModifierRatePercent_Physical_Damage_Detrend_Factor\":null,\"CoverageLevelScheduleModifierRatePercent_PremOps_Detrend_Factor\":null,\"CoverageLevelScheduleModifierRatePercent_Products_Detrend_Factor\":null,\"CoverageLevelScheduleModifierRatePercent_Rate\":null,\"CoverageLevelScheduleModifierRatePercent_RateDeviation\":null,\"CoverageLevelScheduleModifierRatePercent_ScheduleFactor\":null,\"CoverageLevelScheduleModifierRatePercent_ScheduleModifierFactor\":null,\"CoverageLevelScheduleModifierRatePercent_ScheduleModFactor\":null,\"CoverageLevelScheduleModifierRatePercent_Schedule_Modifier\":\"1.0\",\"CoverageLevelScheduleModifierRatePercent_TerritorialDifferentialFactor\":null,\"CoverageLevelScheduleModifierRatePercent_Total_Modifier\":null},{\"SourceSystemName\":\"MajescoPolicy\",\"SourceSystemCode\":\"109\",\"WritingCompany\":\"qbeinsurancecorporation\",\"PolicySymbol\":null,\"PolicyNumber\":\"100054708\",\"OriginalPolicyNumber\":\"161000126\",\"ProductCode\":\"CA\",\"TransactionDate\":\"2022-04-29\",\"TransactionEffectiveDate\":\"2022-03-01\",\"TransactionType\":\"Coverage_Level_Premium\",\"TransactionCode\":\"04\",\"TransactionDesc\":\"cancellation\",\"PolicyEffectiveDate\":\"2022-03-01\",\"PolicyExpirationDate\":\"2023-03-01\",\"UnderwritingYear\":\"2022\",\"AccountingYearMonth\":\"2022_5\",\"RiskState\":\"IL\",\"Cell\":\"MiddleMarket\",\"SegmentCode\":\"M0784\",\"FinancialLineofBusinessCode\":\"C1940\",\"ChangedPremiumAmount\":\"-85.0\",\"WrittenPremiumAmount\":\"0.0\",\"CommissionPercentage\":\"15.0\",\"CommissionAmount\":\"-746.55\",\"CommissionAmount_Calculated_\":\"-12.75\",\"CompanyNumber\":null,\"CoverageTypeCode\":null,\"AnnualStatementLineofBusiness\":\"194\",\"CoverageCode\":\"UIM\",\"CoverageCodeDescription\":\"UIM\",\"SublineCode\":\"622\",\"Claim_MadeIndicator\":null,\"ReinsuranceCode\":null,\"LineofBusiness\":\"CA\",\"BureauType\":null,\"DistributionChannel\":null,\"GroupDestinationCode\":null,\"ServiceOffice\":null,\"MasterAccountNumber\":null,\"AgencyNumber\":null,\"PolicyKindCode\":null,\"ProgramCode\":\"RET\",\"OrganizationCode\":null,\"SubProgramCode\":null,\"BusinessTypeCode\":null,\"PolicyTypeCode\":\"Primary\",\"CoveragePartCode\":null,\"MarketSegmentCode\":\"RET\",\"PolicyStructure\":\"GC\",\"InsurerSICCode\":null,\"OwnershipTypeCode\":null,\"TreatyCode\":null,\"TransactionExpirationDate\":null,\"PrimaryAddressZipCode\":null,\"PrimaryAddressCity\":null,\"PrimaryAddressCounty\":null,\"ClassCode\":\"7391\",\"RetroactiveDate\":null,\"TailDate\":null,\"ExtendedRPTNumber\":null,\"ExtendedAttachmentPNTNumber\":null,\"CoinsuranceValue\":null,\"PolicyEventTypeCode\":null,\"RenewalCount\":\"0\",\"CancellationDescription\":null,\"ExposureAmount\":\"0.0\",\"ExposureBase\":null,\"InsuredSICCode\":null,\"NumberOfEmployeeCount\":null,\"RevisionNumber\":\"1\",\"ISOCode\":null,\"InsuredPropertyLocationNumber\":null,\"PolicyLimitAmount_Aggregate\":null,\"PolicyLimitAmount_AggregateLimit\":null,\"PolicyLimitAmount_OcccurrenceLimit\":null,\"PolicyLimitAmount_OverrideAttachmentAggregateLimit\":null,\"CoverageDeductibleAmount_Retention\":null,\"CoverageDeductibleAmount_BodilyInjuryDeductibleCode\":null,\"CoverageLimitAmount_Aggregate\":null,\"CoverageLimitAmount_AggregateLimit\":null,\"CoverageLimitAmount_OccLimit\":null,\"CoverageLimitAmount_OccLimitPwc\":null,\"CoverageLimitAmount_Occurrence\":null,\"LineofBusinessExposureAmount_AssetSize\":null,\"LineofBusinessExposureAmount_AssetUnderMngmnt\":null,\"LineofBusinessExposureAmount_EmpCountTotal\":null,\"LineofBusinessExposureAmount_ManagedAssets\":null,\"LineofBusinessExposureAmount_MarketCapSize\":null,\"LineofBusinessExposureAmount_Revenue\":null,\"LineofBusinessExposureAmount_TotalPlanAsset\":null,\"LineofBusinessExposureBase_AssetSize\":null,\"LineofBusinessExposureBase_AssetUnderMngmnt\":null,\"LineofBusinessExposureBase_EmpCountTotal\":null,\"LineofBusinessExposureBase_ManagedAssets\":null,\"LineofBusinessExposureBase_MarketCapSize\":null,\"LineofBusinessExposureBase_Revenue\":null,\"LineofBusinessExposureBase_TotalPlanAsset\":null,\"CoverageLevelScheduleModifierRatePercent_ConsentToRate\":null,\"CoverageLevelScheduleModifierRatePercent_ExperienceFactor\":null,\"CoverageLevelScheduleModifierRatePercent_ExperienceMod\":null,\"CoverageLevelScheduleModifierRatePercent_ExperienceModFactor\":null,\"CoverageLevelScheduleModifierRatePercent_FinalRate\":null,\"CoverageLevelScheduleModifierRatePercent_Liability\":null,\"CoverageLevelScheduleModifierRatePercent_Liability_Detrend_Factor\":null,\"CoverageLevelScheduleModifierRatePercent_LossConstant\":null,\"CoverageLevelScheduleModifierRatePercent_LossCost\":null,\"CoverageLevelScheduleModifierRatePercent_LossCostMultiplier\":null,\"CoverageLevelScheduleModifierRatePercent_Loss_Cost_Multiplier\":\"1.873\",\"CoverageLevelScheduleModifierRatePercent_Medpay_Loss_Cost_Multiplier\":null,\"CoverageLevelScheduleModifierRatePercent_MeritMod\":null,\"CoverageLevelScheduleModifierRatePercent_NA\":null,\"CoverageLevelScheduleModifierRatePercent_PackageModificationFactor\":null,\"CoverageLevelScheduleModifierRatePercent_Physical_Damage_Detrend_Factor\":null,\"CoverageLevelScheduleModifierRatePercent_PremOps_Detrend_Factor\":null,\"CoverageLevelScheduleModifierRatePercent_Products_Detrend_Factor\":null,\"CoverageLevelScheduleModifierRatePercent_Rate\":null,\"CoverageLevelScheduleModifierRatePercent_RateDeviation\":null,\"CoverageLevelScheduleModifierRatePercent_ScheduleFactor\":null,\"CoverageLevelScheduleModifierRatePercent_ScheduleModifierFactor\":null,\"CoverageLevelScheduleModifierRatePercent_ScheduleModFactor\":null,\"CoverageLevelScheduleModifierRatePercent_Schedule_Modifier\":null,\"CoverageLevelScheduleModifierRatePercent_TerritorialDifferentialFactor\":null,\"CoverageLevelScheduleModifierRatePercent_Total_Modifier\":null}]}","RuleEngineServiceOutputTypes":null,"RuleApp":{"RepositoryRuleAppRevisionSpec":{"RuleApplicationName":"ISO_QBE"}}}