{
    "Iso": [
        {
            "SourceSystemName": "MajescoPolicy",
            "SourceSystemCode": "109",
            "WritingCompany": "qbeinsurancecorporation",
            "PolicySymbol": null,
            "PolicyNumber": "100055154",
            "OriginalPolicyNumber": "121000105",
            "ProductCode": "AV",
            "TransactionDate": "2022-06-13",
            "TransactionEffectiveDate": "2022-05-20",
            "TransactionType": "Coverage_Level_Premium",
            "TransactionCode": "05",
            "TransactionDesc": "redoPolicy",
            "PolicyEffectiveDate": "2022-05-20",
            "PolicyExpirationDate": "2023-05-20",
            "UnderwritingYear": "2022",
            "AccountingYearMonth": "2022_6",
            "RiskState": "CA",
            "Cell": "Specialty-Aviation",
            "SegmentCode": "M0268",
            "FinancialLineofBusinessCode": "C2202",
            "ChangedPremiumAmount": "4038.0",
            "WrittenPremiumAmount": "4038.0",
            "CommissionPercentage": "15.0",
            "CommissionAmount": "0.0",
            "CommissionAmount_Calculated_": "0.0",
            "CompanyNumber": null,
            "CoverageTypeCode": null,
            "AnnualStatementLineofBusiness": "220",
            "CoverageCode": "CSL",
            "CoverageCodeDescription": "LiabilityCoverage",
            "SublineCode": "611",
            "Claim_MadeIndicator": null,
            "ReinsuranceCode": null,
            "LineofBusiness": "AV",
            "BureauType": null,
            "DistributionChannel": null,
            "GroupDestinationCode": null,
            "ServiceOffice": null,
            "MasterAccountNumber": null,
            "AgencyNumber": null,
            "PolicyKindCode": null,
            "ProgramCode": "ACR",
            "OrganizationCode": null,
            "SubProgramCode": null,
            "BusinessTypeCode": null,
            "PolicyTypeCode": null,
            "CoveragePartCode": null,
            "MarketSegmentCode": null,
            "PolicyStructure": null,
            "InsurerSICCode": null,
            "OwnershipTypeCode": null,
            "TreatyCode": null,
            "TransactionExpirationDate": "2023-05-20",
            "PrimaryAddressZipCode": "91406",
            "PrimaryAddressCity": "VanNuys",
            "PrimaryAddressCounty": null,
            "ClassCode": null,
            "RetroactiveDate": null,
            "TailDate": null,
            "ExtendedRPTNumber": null,
            "ExtendedAttachmentPNTNumber": null,
            "CoinsuranceValue": null,
            "PolicyEventTypeCode": "05",
            "RenewalCount": "1",
            "CancellationDescription": null,
            "ExposureAmount": null,
            "ExposureBase": null,
            "InsuredSICCode": null,
            "NumberOfEmployeeCount": null,
            "RevisionNumber": "2",
            "ISOCode": null,
            "InsuredPropertyLocationNumber": null,
            "PolicyLimitAmount_Aggregate": null,
            "PolicyLimitAmount_AggregateLimit": null,
            "PolicyLimitAmount_OcccurrenceLimit": null,
            "PolicyLimitAmount_OverrideAttachmentAggregateLimit": null,
            "CoverageDeductibleAmount_Retention": null,
            "CoverageDeductibleAmount_BodilyInjuryDeductibleCode": null,
            "CoverageLimitAmount_Aggregate": null,
            "CoverageLimitAmount_AggregateLimit": null,
            "CoverageLimitAmount_OccLimit": null,
            "CoverageLimitAmount_OccLimitPwc": null,
            "CoverageLimitAmount_Occurrence": null,
            "LineofBusinessExposureAmount_AssetSize": null,
            "LineofBusinessExposureAmount_AssetUnderMngmnt": null,
            "LineofBusinessExposureAmount_EmpCountTotal": null,
            "LineofBusinessExposureAmount_ManagedAssets": null,
            "LineofBusinessExposureAmount_MarketCapSize": null,
            "LineofBusinessExposureAmount_Revenue": null,
            "LineofBusinessExposureAmount_TotalPlanAsset": null,
            "LineofBusinessExposureBase_AssetSize": null,
            "LineofBusinessExposureBase_AssetUnderMngmnt": null,
            "LineofBusinessExposureBase_EmpCountTotal": null,
            "LineofBusinessExposureBase_ManagedAssets": null,
            "LineofBusinessExposureBase_MarketCapSize": null,
            "LineofBusinessExposureBase_Revenue": null,
            "LineofBusinessExposureBase_TotalPlanAsset": null,
            "CoverageLevelScheduleModifierRatePercent_ConsentToRate": null,
            "CoverageLevelScheduleModifierRatePercent_ExperienceFactor": null,
            "CoverageLevelScheduleModifierRatePercent_ExperienceMod": null,
            "CoverageLevelScheduleModifierRatePercent_ExperienceModFactor": null,
            "CoverageLevelScheduleModifierRatePercent_FinalRate": null,
            "CoverageLevelScheduleModifierRatePercent_Liability": null,
            "CoverageLevelScheduleModifierRatePercent_Liability_Detrend_Factor": null,
            "CoverageLevelScheduleModifierRatePercent_LossConstant": null,
            "CoverageLevelScheduleModifierRatePercent_LossCost": null,
            "CoverageLevelScheduleModifierRatePercent_LossCostMultiplier": null,
            "CoverageLevelScheduleModifierRatePercent_Loss_Cost_Multiplier": null,
            "CoverageLevelScheduleModifierRatePercent_Medpay_Loss_Cost_Multiplier": null,
            "CoverageLevelScheduleModifierRatePercent_MeritMod": null,
            "CoverageLevelScheduleModifierRatePercent_NA": null,
            "CoverageLevelScheduleModifierRatePercent_PackageModificationFactor": null,
            "CoverageLevelScheduleModifierRatePercent_Physical_Damage_Detrend_Factor": null,
            "CoverageLevelScheduleModifierRatePercent_PremOps_Detrend_Factor": null,
            "CoverageLevelScheduleModifierRatePercent_Products_Detrend_Factor": null,
            "CoverageLevelScheduleModifierRatePercent_Rate": null,
            "CoverageLevelScheduleModifierRatePercent_RateDeviation": null,
            "CoverageLevelScheduleModifierRatePercent_ScheduleFactor": null,
            "CoverageLevelScheduleModifierRatePercent_ScheduleModifierFactor": null,
            "CoverageLevelScheduleModifierRatePercent_ScheduleModFactor": null,
            "CoverageLevelScheduleModifierRatePercent_Schedule_Modifier": null,
            "CoverageLevelScheduleModifierRatePercent_TerritorialDifferentialFactor": null,
            "CoverageLevelScheduleModifierRatePercent_Total_Modifier": null
        },
        {
            "SourceSystemName": "MajescoPolicy",
            "SourceSystemCode": "109",
            "WritingCompany": "qbeinsurancecorporation",
            "PolicySymbol": null,
            "PolicyNumber": "100055154",
            "OriginalPolicyNumber": "121000105",
            "ProductCode": "AV",
            "TransactionDate": "2022-06-13",
            "TransactionEffectiveDate": "2022-05-20",
            "TransactionType": "Coverage_Level_Premium",
            "TransactionCode": "05",
            "TransactionDesc": "redoPolicy",
            "PolicyEffectiveDate": "2022-05-20",
            "PolicyExpirationDate": "2023-05-20",
            "UnderwritingYear": "2022",
            "AccountingYearMonth": "2022_6",
            "RiskState": "CA",
            "Cell": "Specialty-Aviation",
            "SegmentCode": "M0268",
            "FinancialLineofBusinessCode": "C2202",
            "ChangedPremiumAmount": "5812.0",
            "WrittenPremiumAmount": "5812.0",
            "CommissionPercentage": "15.0",
            "CommissionAmount": "0.0",
            "CommissionAmount_Calculated_": "0.0",
            "CompanyNumber": null,
            "CoverageTypeCode": null,
            "AnnualStatementLineofBusiness": "220",
            "CoverageCode": "CSL",
            "CoverageCodeDescription": "LiabilityCoverage",
            "SublineCode": "611",
            "Claim_MadeIndicator": null,
            "ReinsuranceCode": null,
            "LineofBusiness": "AV",
            "BureauType": null,
            "DistributionChannel": null,
            "GroupDestinationCode": null,
            "ServiceOffice": null,
            "MasterAccountNumber": null,
            "AgencyNumber": null,
            "PolicyKindCode": null,
            "ProgramCode": "ACR",
            "OrganizationCode": null,
            "SubProgramCode": null,
            "BusinessTypeCode": null,
            "PolicyTypeCode": null,
            "CoveragePartCode": null,
            "MarketSegmentCode": null,
            "PolicyStructure": null,
            "InsurerSICCode": null,
            "OwnershipTypeCode": null,
            "TreatyCode": null,
            "TransactionExpirationDate": "2023-05-20",
            "PrimaryAddressZipCode": "91406",
            "PrimaryAddressCity": "VanNuys",
            "PrimaryAddressCounty": null,
            "ClassCode": null,
            "RetroactiveDate": null,
            "TailDate": null,
            "ExtendedRPTNumber": null,
            "ExtendedAttachmentPNTNumber": null,
            "CoinsuranceValue": null,
            "PolicyEventTypeCode": "05",
            "RenewalCount": "1",
            "CancellationDescription": null,
            "ExposureAmount": null,
            "ExposureBase": null,
            "InsuredSICCode": null,
            "NumberOfEmployeeCount": null,
            "RevisionNumber": "2",
            "ISOCode": null,
            "InsuredPropertyLocationNumber": null,
            "PolicyLimitAmount_Aggregate": null,
            "PolicyLimitAmount_AggregateLimit": null,
            "PolicyLimitAmount_OcccurrenceLimit": null,
            "PolicyLimitAmount_OverrideAttachmentAggregateLimit": null,
            "CoverageDeductibleAmount_Retention": null,
            "CoverageDeductibleAmount_BodilyInjuryDeductibleCode": null,
            "CoverageLimitAmount_Aggregate": null,
            "CoverageLimitAmount_AggregateLimit": null,
            "CoverageLimitAmount_OccLimit": null,
            "CoverageLimitAmount_OccLimitPwc": null,
            "CoverageLimitAmount_Occurrence": null,
            "LineofBusinessExposureAmount_AssetSize": null,
            "LineofBusinessExposureAmount_AssetUnderMngmnt": null,
            "LineofBusinessExposureAmount_EmpCountTotal": null,
            "LineofBusinessExposureAmount_ManagedAssets": null,
            "LineofBusinessExposureAmount_MarketCapSize": null,
            "LineofBusinessExposureAmount_Revenue": null,
            "LineofBusinessExposureAmount_TotalPlanAsset": null,
            "LineofBusinessExposureBase_AssetSize": null,
            "LineofBusinessExposureBase_AssetUnderMngmnt": null,
            "LineofBusinessExposureBase_EmpCountTotal": null,
            "LineofBusinessExposureBase_ManagedAssets": null,
            "LineofBusinessExposureBase_MarketCapSize": null,
            "LineofBusinessExposureBase_Revenue": null,
            "LineofBusinessExposureBase_TotalPlanAsset": null,
            "CoverageLevelScheduleModifierRatePercent_ConsentToRate": null,
            "CoverageLevelScheduleModifierRatePercent_ExperienceFactor": null,
            "CoverageLevelScheduleModifierRatePercent_ExperienceMod": null,
            "CoverageLevelScheduleModifierRatePercent_ExperienceModFactor": null,
            "CoverageLevelScheduleModifierRatePercent_FinalRate": null,
            "CoverageLevelScheduleModifierRatePercent_Liability": null,
            "CoverageLevelScheduleModifierRatePercent_Liability_Detrend_Factor": null,
            "CoverageLevelScheduleModifierRatePercent_LossConstant": null,
            "CoverageLevelScheduleModifierRatePercent_LossCost": null,
            "CoverageLevelScheduleModifierRatePercent_LossCostMultiplier": null,
            "CoverageLevelScheduleModifierRatePercent_Loss_Cost_Multiplier": null,
            "CoverageLevelScheduleModifierRatePercent_Medpay_Loss_Cost_Multiplier": null,
            "CoverageLevelScheduleModifierRatePercent_MeritMod": null,
            "CoverageLevelScheduleModifierRatePercent_NA": null,
            "CoverageLevelScheduleModifierRatePercent_PackageModificationFactor": null,
            "CoverageLevelScheduleModifierRatePercent_Physical_Damage_Detrend_Factor": null,
            "CoverageLevelScheduleModifierRatePercent_PremOps_Detrend_Factor": null,
            "CoverageLevelScheduleModifierRatePercent_Products_Detrend_Factor": null,
            "CoverageLevelScheduleModifierRatePercent_Rate": null,
            "CoverageLevelScheduleModifierRatePercent_RateDeviation": null,
            "CoverageLevelScheduleModifierRatePercent_ScheduleFactor": null,
            "CoverageLevelScheduleModifierRatePercent_ScheduleModifierFactor": null,
            "CoverageLevelScheduleModifierRatePercent_ScheduleModFactor": null,
            "CoverageLevelScheduleModifierRatePercent_Schedule_Modifier": null,
            "CoverageLevelScheduleModifierRatePercent_TerritorialDifferentialFactor": null,
            "CoverageLevelScheduleModifierRatePercent_Total_Modifier": null
        },
        {
            "SourceSystemName": "MajescoPolicy",
            "SourceSystemCode": "109",
            "WritingCompany": "qbeinsurancecorporation",
            "PolicySymbol": null,
            "PolicyNumber": "100055154",
            "OriginalPolicyNumber": "121000105",
            "ProductCode": "AV",
            "TransactionDate": "2022-06-13",
            "TransactionEffectiveDate": "2022-05-20",
            "TransactionType": "Coverage_Level_Premium",
            "TransactionCode": "05",
            "TransactionDesc": "redoPolicy",
            "PolicyEffectiveDate": "2022-05-20",
            "PolicyExpirationDate": "2023-05-20",
            "UnderwritingYear": "2022",
            "AccountingYearMonth": "2022_6",
            "RiskState": "CA",
            "Cell": "Specialty-Aviation",
            "SegmentCode": "M0268",
            "FinancialLineofBusinessCode": "C2202",
            "ChangedPremiumAmount": "5738.0",
            "WrittenPremiumAmount": "5738.0",
            "CommissionPercentage": "15.0",
            "CommissionAmount": "0.0",
            "CommissionAmount_Calculated_": "0.0",
            "CompanyNumber": null,
            "CoverageTypeCode": null,
            "AnnualStatementLineofBusiness": "220",
            "CoverageCode": "CSL",
            "CoverageCodeDescription": "LiabilityCoverage",
            "SublineCode": "611",
            "Claim_MadeIndicator": null,
            "ReinsuranceCode": null,
            "LineofBusiness": "AV",
            "BureauType": null,
            "DistributionChannel": null,
            "GroupDestinationCode": null,
            "ServiceOffice": null,
            "MasterAccountNumber": null,
            "AgencyNumber": null,
            "PolicyKindCode": null,
            "ProgramCode": "ACR",
            "OrganizationCode": null,
            "SubProgramCode": null,
            "BusinessTypeCode": null,
            "PolicyTypeCode": null,
            "CoveragePartCode": null,
            "MarketSegmentCode": null,
            "PolicyStructure": null,
            "InsurerSICCode": null,
            "OwnershipTypeCode": null,
            "TreatyCode": null,
            "TransactionExpirationDate": "2023-05-20",
            "PrimaryAddressZipCode": "91406",
            "PrimaryAddressCity": "VanNuys",
            "PrimaryAddressCounty": null,
            "ClassCode": null,
            "RetroactiveDate": null,
            "TailDate": null,
            "ExtendedRPTNumber": null,
            "ExtendedAttachmentPNTNumber": null,
            "CoinsuranceValue": null,
            "PolicyEventTypeCode": "05",
            "RenewalCount": "1",
            "CancellationDescription": null,
            "ExposureAmount": null,
            "ExposureBase": null,
            "InsuredSICCode": null,
            "NumberOfEmployeeCount": null,
            "RevisionNumber": "2",
            "ISOCode": null,
            "InsuredPropertyLocationNumber": null,
            "PolicyLimitAmount_Aggregate": null,
            "PolicyLimitAmount_AggregateLimit": null,
            "PolicyLimitAmount_OcccurrenceLimit": null,
            "PolicyLimitAmount_OverrideAttachmentAggregateLimit": null,
            "CoverageDeductibleAmount_Retention": null,
            "CoverageDeductibleAmount_BodilyInjuryDeductibleCode": null,
            "CoverageLimitAmount_Aggregate": null,
            "CoverageLimitAmount_AggregateLimit": null,
            "CoverageLimitAmount_OccLimit": null,
            "CoverageLimitAmount_OccLimitPwc": null,
            "CoverageLimitAmount_Occurrence": null,
            "LineofBusinessExposureAmount_AssetSize": null,
            "LineofBusinessExposureAmount_AssetUnderMngmnt": null,
            "LineofBusinessExposureAmount_EmpCountTotal": null,
            "LineofBusinessExposureAmount_ManagedAssets": null,
            "LineofBusinessExposureAmount_MarketCapSize": null,
            "LineofBusinessExposureAmount_Revenue": null,
            "LineofBusinessExposureAmount_TotalPlanAsset": null,
            "LineofBusinessExposureBase_AssetSize": null,
            "LineofBusinessExposureBase_AssetUnderMngmnt": null,
            "LineofBusinessExposureBase_EmpCountTotal": null,
            "LineofBusinessExposureBase_ManagedAssets": null,
            "LineofBusinessExposureBase_MarketCapSize": null,
            "LineofBusinessExposureBase_Revenue": null,
            "LineofBusinessExposureBase_TotalPlanAsset": null,
            "CoverageLevelScheduleModifierRatePercent_ConsentToRate": null,
            "CoverageLevelScheduleModifierRatePercent_ExperienceFactor": null,
            "CoverageLevelScheduleModifierRatePercent_ExperienceMod": null,
            "CoverageLevelScheduleModifierRatePercent_ExperienceModFactor": null,
            "CoverageLevelScheduleModifierRatePercent_FinalRate": null,
            "CoverageLevelScheduleModifierRatePercent_Liability": null,
            "CoverageLevelScheduleModifierRatePercent_Liability_Detrend_Factor": null,
            "CoverageLevelScheduleModifierRatePercent_LossConstant": null,
            "CoverageLevelScheduleModifierRatePercent_LossCost": null,
            "CoverageLevelScheduleModifierRatePercent_LossCostMultiplier": null,
            "CoverageLevelScheduleModifierRatePercent_Loss_Cost_Multiplier": null,
            "CoverageLevelScheduleModifierRatePercent_Medpay_Loss_Cost_Multiplier": null,
            "CoverageLevelScheduleModifierRatePercent_MeritMod": null,
            "CoverageLevelScheduleModifierRatePercent_NA": null,
            "CoverageLevelScheduleModifierRatePercent_PackageModificationFactor": null,
            "CoverageLevelScheduleModifierRatePercent_Physical_Damage_Detrend_Factor": null,
            "CoverageLevelScheduleModifierRatePercent_PremOps_Detrend_Factor": null,
            "CoverageLevelScheduleModifierRatePercent_Products_Detrend_Factor": null,
            "CoverageLevelScheduleModifierRatePercent_Rate": null,
            "CoverageLevelScheduleModifierRatePercent_RateDeviation": null,
            "CoverageLevelScheduleModifierRatePercent_ScheduleFactor": null,
            "CoverageLevelScheduleModifierRatePercent_ScheduleModifierFactor": null,
            "CoverageLevelScheduleModifierRatePercent_ScheduleModFactor": null,
            "CoverageLevelScheduleModifierRatePercent_Schedule_Modifier": null,
            "CoverageLevelScheduleModifierRatePercent_TerritorialDifferentialFactor": null,
            "CoverageLevelScheduleModifierRatePercent_Total_Modifier": null
        },
        {
            "SourceSystemName": "MajescoPolicy",
            "SourceSystemCode": "109",
            "WritingCompany": "qbeinsurancecorporation",
            "PolicySymbol": null,
            "PolicyNumber": "100055154",
            "OriginalPolicyNumber": "121000105",
            "ProductCode": "AV",
            "TransactionDate": "2022-06-13",
            "TransactionEffectiveDate": "2022-05-20",
            "TransactionType": "Coverage_Level_Premium",
            "TransactionCode": "05",
            "TransactionDesc": "redoPolicy",
            "PolicyEffectiveDate": "2022-05-20",
            "PolicyExpirationDate": "2023-05-20",
            "UnderwritingYear": "2022",
            "AccountingYearMonth": "2022_6",
            "RiskState": "CA",
            "Cell": "Specialty-Aviation",
            "SegmentCode": "M0268",
            "FinancialLineofBusinessCode": "C2202",
            "ChangedPremiumAmount": "5812.0",
            "WrittenPremiumAmount": "5812.0",
            "CommissionPercentage": "15.0",
            "CommissionAmount": "0.0",
            "CommissionAmount_Calculated_": "0.0",
            "CompanyNumber": null,
            "CoverageTypeCode": null,
            "AnnualStatementLineofBusiness": "220",
            "CoverageCode": "CSL",
            "CoverageCodeDescription": "LiabilityCoverage",
            "SublineCode": "611",
            "Claim_MadeIndicator": null,
            "ReinsuranceCode": null,
            "LineofBusiness": "AV",
            "BureauType": null,
            "DistributionChannel": null,
            "GroupDestinationCode": null,
            "ServiceOffice": null,
            "MasterAccountNumber": null,
            "AgencyNumber": null,
            "PolicyKindCode": null,
            "ProgramCode": "ACR",
            "OrganizationCode": null,
            "SubProgramCode": null,
            "BusinessTypeCode": null,
            "PolicyTypeCode": null,
            "CoveragePartCode": null,
            "MarketSegmentCode": null,
            "PolicyStructure": null,
            "InsurerSICCode": null,
            "OwnershipTypeCode": null,
            "TreatyCode": null,
            "TransactionExpirationDate": "2023-05-20",
            "PrimaryAddressZipCode": "91406",
            "PrimaryAddressCity": "VanNuys",
            "PrimaryAddressCounty": null,
            "ClassCode": null,
            "RetroactiveDate": null,
            "TailDate": null,
            "ExtendedRPTNumber": null,
            "ExtendedAttachmentPNTNumber": null,
            "CoinsuranceValue": null,
            "PolicyEventTypeCode": "05",
            "RenewalCount": "1",
            "CancellationDescription": null,
            "ExposureAmount": null,
            "ExposureBase": null,
            "InsuredSICCode": null,
            "NumberOfEmployeeCount": null,
            "RevisionNumber": "2",
            "ISOCode": null,
            "InsuredPropertyLocationNumber": null,
            "PolicyLimitAmount_Aggregate": null,
            "PolicyLimitAmount_AggregateLimit": null,
            "PolicyLimitAmount_OcccurrenceLimit": null,
            "PolicyLimitAmount_OverrideAttachmentAggregateLimit": null,
            "CoverageDeductibleAmount_Retention": null,
            "CoverageDeductibleAmount_BodilyInjuryDeductibleCode": null,
            "CoverageLimitAmount_Aggregate": null,
            "CoverageLimitAmount_AggregateLimit": null,
            "CoverageLimitAmount_OccLimit": null,
            "CoverageLimitAmount_OccLimitPwc": null,
            "CoverageLimitAmount_Occurrence": null,
            "LineofBusinessExposureAmount_AssetSize": null,
            "LineofBusinessExposureAmount_AssetUnderMngmnt": null,
            "LineofBusinessExposureAmount_EmpCountTotal": null,
            "LineofBusinessExposureAmount_ManagedAssets": null,
            "LineofBusinessExposureAmount_MarketCapSize": null,
            "LineofBusinessExposureAmount_Revenue": null,
            "LineofBusinessExposureAmount_TotalPlanAsset": null,
            "LineofBusinessExposureBase_AssetSize": null,
            "LineofBusinessExposureBase_AssetUnderMngmnt": null,
            "LineofBusinessExposureBase_EmpCountTotal": null,
            "LineofBusinessExposureBase_ManagedAssets": null,
            "LineofBusinessExposureBase_MarketCapSize": null,
            "LineofBusinessExposureBase_Revenue": null,
            "LineofBusinessExposureBase_TotalPlanAsset": null,
            "CoverageLevelScheduleModifierRatePercent_ConsentToRate": null,
            "CoverageLevelScheduleModifierRatePercent_ExperienceFactor": null,
            "CoverageLevelScheduleModifierRatePercent_ExperienceMod": null,
            "CoverageLevelScheduleModifierRatePercent_ExperienceModFactor": null,
            "CoverageLevelScheduleModifierRatePercent_FinalRate": null,
            "CoverageLevelScheduleModifierRatePercent_Liability": null,
            "CoverageLevelScheduleModifierRatePercent_Liability_Detrend_Factor": null,
            "CoverageLevelScheduleModifierRatePercent_LossConstant": null,
            "CoverageLevelScheduleModifierRatePercent_LossCost": null,
            "CoverageLevelScheduleModifierRatePercent_LossCostMultiplier": null,
            "CoverageLevelScheduleModifierRatePercent_Loss_Cost_Multiplier": null,
            "CoverageLevelScheduleModifierRatePercent_Medpay_Loss_Cost_Multiplier": null,
            "CoverageLevelScheduleModifierRatePercent_MeritMod": null,
            "CoverageLevelScheduleModifierRatePercent_NA": null,
            "CoverageLevelScheduleModifierRatePercent_PackageModificationFactor": null,
            "CoverageLevelScheduleModifierRatePercent_Physical_Damage_Detrend_Factor": null,
            "CoverageLevelScheduleModifierRatePercent_PremOps_Detrend_Factor": null,
            "CoverageLevelScheduleModifierRatePercent_Products_Detrend_Factor": null,
            "CoverageLevelScheduleModifierRatePercent_Rate": null,
            "CoverageLevelScheduleModifierRatePercent_RateDeviation": null,
            "CoverageLevelScheduleModifierRatePercent_ScheduleFactor": null,
            "CoverageLevelScheduleModifierRatePercent_ScheduleModifierFactor": null,
            "CoverageLevelScheduleModifierRatePercent_ScheduleModFactor": null,
            "CoverageLevelScheduleModifierRatePercent_Schedule_Modifier": null,
            "CoverageLevelScheduleModifierRatePercent_TerritorialDifferentialFactor": null,
            "CoverageLevelScheduleModifierRatePercent_Total_Modifier": null
        },
        {
            "SourceSystemName": "MajescoPolicy",
            "SourceSystemCode": "109",
            "WritingCompany": "qbeinsurancecorporation",
            "PolicySymbol": null,
            "PolicyNumber": "100055154",
            "OriginalPolicyNumber": "121000105",
            "ProductCode": "AV",
            "TransactionDate": "2022-06-13",
            "TransactionEffectiveDate": "2022-05-20",
            "TransactionType": "Coverage_Level_Premium",
            "TransactionCode": "05",
            "TransactionDesc": "redoPolicy",
            "PolicyEffectiveDate": "2022-05-20",
            "PolicyExpirationDate": "2023-05-20",
            "UnderwritingYear": "2022",
            "AccountingYearMonth": "2022_6",
            "RiskState": "CA",
            "Cell": "Specialty-Aviation",
            "SegmentCode": "M0268",
            "FinancialLineofBusinessCode": "C2202",
            "ChangedPremiumAmount": "4038.0",
            "WrittenPremiumAmount": "4038.0",
            "CommissionPercentage": "15.0",
            "CommissionAmount": "0.0",
            "CommissionAmount_Calculated_": "0.0",
            "CompanyNumber": null,
            "CoverageTypeCode": null,
            "AnnualStatementLineofBusiness": "220",
            "CoverageCode": "CSL",
            "CoverageCodeDescription": "LiabilityCoverage",
            "SublineCode": "611",
            "Claim_MadeIndicator": null,
            "ReinsuranceCode": null,
            "LineofBusiness": "AV",
            "BureauType": null,
            "DistributionChannel": null,
            "GroupDestinationCode": null,
            "ServiceOffice": null,
            "MasterAccountNumber": null,
            "AgencyNumber": null,
            "PolicyKindCode": null,
            "ProgramCode": "ACR",
            "OrganizationCode": null,
            "SubProgramCode": null,
            "BusinessTypeCode": null,
            "PolicyTypeCode": null,
            "CoveragePartCode": null,
            "MarketSegmentCode": null,
            "PolicyStructure": null,
            "InsurerSICCode": null,
            "OwnershipTypeCode": null,
            "TreatyCode": null,
            "TransactionExpirationDate": "2023-05-20",
            "PrimaryAddressZipCode": "91406",
            "PrimaryAddressCity": "VanNuys",
            "PrimaryAddressCounty": null,
            "ClassCode": null,
            "RetroactiveDate": null,
            "TailDate": null,
            "ExtendedRPTNumber": null,
            "ExtendedAttachmentPNTNumber": null,
            "CoinsuranceValue": null,
            "PolicyEventTypeCode": "05",
            "RenewalCount": "1",
            "CancellationDescription": null,
            "ExposureAmount": null,
            "ExposureBase": null,
            "InsuredSICCode": null,
            "NumberOfEmployeeCount": null,
            "RevisionNumber": "2",
            "ISOCode": null,
            "InsuredPropertyLocationNumber": null,
            "PolicyLimitAmount_Aggregate": null,
            "PolicyLimitAmount_AggregateLimit": null,
            "PolicyLimitAmount_OcccurrenceLimit": null,
            "PolicyLimitAmount_OverrideAttachmentAggregateLimit": null,
            "CoverageDeductibleAmount_Retention": null,
            "CoverageDeductibleAmount_BodilyInjuryDeductibleCode": null,
            "CoverageLimitAmount_Aggregate": null,
            "CoverageLimitAmount_AggregateLimit": null,
            "CoverageLimitAmount_OccLimit": null,
            "CoverageLimitAmount_OccLimitPwc": null,
            "CoverageLimitAmount_Occurrence": null,
            "LineofBusinessExposureAmount_AssetSize": null,
            "LineofBusinessExposureAmount_AssetUnderMngmnt": null,
            "LineofBusinessExposureAmount_EmpCountTotal": null,
            "LineofBusinessExposureAmount_ManagedAssets": null,
            "LineofBusinessExposureAmount_MarketCapSize": null,
            "LineofBusinessExposureAmount_Revenue": null,
            "LineofBusinessExposureAmount_TotalPlanAsset": null,
            "LineofBusinessExposureBase_AssetSize": null,
            "LineofBusinessExposureBase_AssetUnderMngmnt": null,
            "LineofBusinessExposureBase_EmpCountTotal": null,
            "LineofBusinessExposureBase_ManagedAssets": null,
            "LineofBusinessExposureBase_MarketCapSize": null,
            "LineofBusinessExposureBase_Revenue": null,
            "LineofBusinessExposureBase_TotalPlanAsset": null,
            "CoverageLevelScheduleModifierRatePercent_ConsentToRate": null,
            "CoverageLevelScheduleModifierRatePercent_ExperienceFactor": null,
            "CoverageLevelScheduleModifierRatePercent_ExperienceMod": null,
            "CoverageLevelScheduleModifierRatePercent_ExperienceModFactor": null,
            "CoverageLevelScheduleModifierRatePercent_FinalRate": null,
            "CoverageLevelScheduleModifierRatePercent_Liability": null,
            "CoverageLevelScheduleModifierRatePercent_Liability_Detrend_Factor": null,
            "CoverageLevelScheduleModifierRatePercent_LossConstant": null,
            "CoverageLevelScheduleModifierRatePercent_LossCost": null,
            "CoverageLevelScheduleModifierRatePercent_LossCostMultiplier": null,
            "CoverageLevelScheduleModifierRatePercent_Loss_Cost_Multiplier": null,
            "CoverageLevelScheduleModifierRatePercent_Medpay_Loss_Cost_Multiplier": null,
            "CoverageLevelScheduleModifierRatePercent_MeritMod": null,
            "CoverageLevelScheduleModifierRatePercent_NA": null,
            "CoverageLevelScheduleModifierRatePercent_PackageModificationFactor": null,
            "CoverageLevelScheduleModifierRatePercent_Physical_Damage_Detrend_Factor": null,
            "CoverageLevelScheduleModifierRatePercent_PremOps_Detrend_Factor": null,
            "CoverageLevelScheduleModifierRatePercent_Products_Detrend_Factor": null,
            "CoverageLevelScheduleModifierRatePercent_Rate": null,
            "CoverageLevelScheduleModifierRatePercent_RateDeviation": null,
            "CoverageLevelScheduleModifierRatePercent_ScheduleFactor": null,
            "CoverageLevelScheduleModifierRatePercent_ScheduleModifierFactor": null,
            "CoverageLevelScheduleModifierRatePercent_ScheduleModFactor": null,
            "CoverageLevelScheduleModifierRatePercent_Schedule_Modifier": null,
            "CoverageLevelScheduleModifierRatePercent_TerritorialDifferentialFactor": null,
            "CoverageLevelScheduleModifierRatePercent_Total_Modifier": null
        },
        {
            "SourceSystemName": "MajescoPolicy",
            "SourceSystemCode": "109",
            "WritingCompany": "qbeinsurancecorporation",
            "PolicySymbol": null,
            "PolicyNumber": "100055154",
            "OriginalPolicyNumber": "121000105",
            "ProductCode": "AV",
            "TransactionDate": "2022-06-13",
            "TransactionEffectiveDate": "2022-05-20",
            "TransactionType": "Coverage_Level_Premium",
            "TransactionCode": "05",
            "TransactionDesc": "redoPolicy",
            "PolicyEffectiveDate": "2022-05-20",
            "PolicyExpirationDate": "2023-05-20",
            "UnderwritingYear": "2022",
            "AccountingYearMonth": "2022_6",
            "RiskState": "CA",
            "Cell": "Specialty-Aviation",
            "SegmentCode": "M0268",
            "FinancialLineofBusinessCode": "C2202",
            "ChangedPremiumAmount": "5812.0",
            "WrittenPremiumAmount": "5812.0",
            "CommissionPercentage": "15.0",
            "CommissionAmount": "0.0",
            "CommissionAmount_Calculated_": "0.0",
            "CompanyNumber": null,
            "CoverageTypeCode": null,
            "AnnualStatementLineofBusiness": "220",
            "CoverageCode": "CSL",
            "CoverageCodeDescription": "LiabilityCoverage",
            "SublineCode": "611",
            "Claim_MadeIndicator": null,
            "ReinsuranceCode": null,
            "LineofBusiness": "AV",
            "BureauType": null,
            "DistributionChannel": null,
            "GroupDestinationCode": null,
            "ServiceOffice": null,
            "MasterAccountNumber": null,
            "AgencyNumber": null,
            "PolicyKindCode": null,
            "ProgramCode": "ACR",
            "OrganizationCode": null,
            "SubProgramCode": null,
            "BusinessTypeCode": null,
            "PolicyTypeCode": null,
            "CoveragePartCode": null,
            "MarketSegmentCode": null,
            "PolicyStructure": null,
            "InsurerSICCode": null,
            "OwnershipTypeCode": null,
            "TreatyCode": null,
            "TransactionExpirationDate": "2023-05-20",
            "PrimaryAddressZipCode": "91406",
            "PrimaryAddressCity": "VanNuys",
            "PrimaryAddressCounty": null,
            "ClassCode": null,
            "RetroactiveDate": null,
            "TailDate": null,
            "ExtendedRPTNumber": null,
            "ExtendedAttachmentPNTNumber": null,
            "CoinsuranceValue": null,
            "PolicyEventTypeCode": "05",
            "RenewalCount": "1",
            "CancellationDescription": null,
            "ExposureAmount": null,
            "ExposureBase": null,
            "InsuredSICCode": null,
            "NumberOfEmployeeCount": null,
            "RevisionNumber": "2",
            "ISOCode": null,
            "InsuredPropertyLocationNumber": null,
            "PolicyLimitAmount_Aggregate": null,
            "PolicyLimitAmount_AggregateLimit": null,
            "PolicyLimitAmount_OcccurrenceLimit": null,
            "PolicyLimitAmount_OverrideAttachmentAggregateLimit": null,
            "CoverageDeductibleAmount_Retention": null,
            "CoverageDeductibleAmount_BodilyInjuryDeductibleCode": null,
            "CoverageLimitAmount_Aggregate": null,
            "CoverageLimitAmount_AggregateLimit": null,
            "CoverageLimitAmount_OccLimit": null,
            "CoverageLimitAmount_OccLimitPwc": null,
            "CoverageLimitAmount_Occurrence": null,
            "LineofBusinessExposureAmount_AssetSize": null,
            "LineofBusinessExposureAmount_AssetUnderMngmnt": null,
            "LineofBusinessExposureAmount_EmpCountTotal": null,
            "LineofBusinessExposureAmount_ManagedAssets": null,
            "LineofBusinessExposureAmount_MarketCapSize": null,
            "LineofBusinessExposureAmount_Revenue": null,
            "LineofBusinessExposureAmount_TotalPlanAsset": null,
            "LineofBusinessExposureBase_AssetSize": null,
            "LineofBusinessExposureBase_AssetUnderMngmnt": null,
            "LineofBusinessExposureBase_EmpCountTotal": null,
            "LineofBusinessExposureBase_ManagedAssets": null,
            "LineofBusinessExposureBase_MarketCapSize": null,
            "LineofBusinessExposureBase_Revenue": null,
            "LineofBusinessExposureBase_TotalPlanAsset": null,
            "CoverageLevelScheduleModifierRatePercent_ConsentToRate": null,
            "CoverageLevelScheduleModifierRatePercent_ExperienceFactor": null,
            "CoverageLevelScheduleModifierRatePercent_ExperienceMod": null,
            "CoverageLevelScheduleModifierRatePercent_ExperienceModFactor": null,
            "CoverageLevelScheduleModifierRatePercent_FinalRate": null,
            "CoverageLevelScheduleModifierRatePercent_Liability": null,
            "CoverageLevelScheduleModifierRatePercent_Liability_Detrend_Factor": null,
            "CoverageLevelScheduleModifierRatePercent_LossConstant": null,
            "CoverageLevelScheduleModifierRatePercent_LossCost": null,
            "CoverageLevelScheduleModifierRatePercent_LossCostMultiplier": null,
            "CoverageLevelScheduleModifierRatePercent_Loss_Cost_Multiplier": null,
            "CoverageLevelScheduleModifierRatePercent_Medpay_Loss_Cost_Multiplier": null,
            "CoverageLevelScheduleModifierRatePercent_MeritMod": null,
            "CoverageLevelScheduleModifierRatePercent_NA": null,
            "CoverageLevelScheduleModifierRatePercent_PackageModificationFactor": null,
            "CoverageLevelScheduleModifierRatePercent_Physical_Damage_Detrend_Factor": null,
            "CoverageLevelScheduleModifierRatePercent_PremOps_Detrend_Factor": null,
            "CoverageLevelScheduleModifierRatePercent_Products_Detrend_Factor": null,
            "CoverageLevelScheduleModifierRatePercent_Rate": null,
            "CoverageLevelScheduleModifierRatePercent_RateDeviation": null,
            "CoverageLevelScheduleModifierRatePercent_ScheduleFactor": null,
            "CoverageLevelScheduleModifierRatePercent_ScheduleModifierFactor": null,
            "CoverageLevelScheduleModifierRatePercent_ScheduleModFactor": null,
            "CoverageLevelScheduleModifierRatePercent_Schedule_Modifier": null,
            "CoverageLevelScheduleModifierRatePercent_TerritorialDifferentialFactor": null,
            "CoverageLevelScheduleModifierRatePercent_Total_Modifier": null
        },
        {
            "SourceSystemName": "MajescoPolicy",
            "SourceSystemCode": "109",
            "WritingCompany": "qbespecialtyinsurancecompany",
            "PolicySymbol": null,
            "PolicyNumber": "100053783",
            "OriginalPolicyNumber": "130002465",
            "ProductCode": "MP",
            "TransactionDate": "2022-03-28",
            "TransactionEffectiveDate": "2022-04-01",
            "TransactionType": "Coverage_Level_Premium",
            "TransactionCode": "14",
            "TransactionDesc": "convertQuote",
            "PolicyEffectiveDate": "2022-04-01",
            "PolicyExpirationDate": "2023-04-01",
            "UnderwritingYear": "2022",
            "AccountingYearMonth": "2022_4",
            "RiskState": "MN",
            "Cell": "FinancialLines-ProfessionalLiability",
            "SegmentCode": "M0511",
            "FinancialLineofBusinessCode": "C1723",
            "ChangedPremiumAmount": "162500.0",
            "WrittenPremiumAmount": "162500.0",
            "CommissionPercentage": "17.5",
            "CommissionAmount": "28437.5",
            "CommissionAmount_Calculated_": "28437.5",
            "CompanyNumber": null,
            "CoverageTypeCode": "CYB",
            "AnnualStatementLineofBusiness": "172",
            "CoverageCode": "QB-PN-PREM-SUM",
            "CoverageCodeDescription": "Privacy&NetworkSecurityLiability",
            "SublineCode": "805",
            "Claim_MadeIndicator": null,
            "ReinsuranceCode": null,
            "LineofBusiness": "PN",
            "BureauType": null,
            "DistributionChannel": null,
            "GroupDestinationCode": null,
            "ServiceOffice": null,
            "MasterAccountNumber": null,
            "AgencyNumber": null,
            "PolicyKindCode": null,
            "ProgramCode": null,
            "OrganizationCode": null,
            "SubProgramCode": null,
            "BusinessTypeCode": null,
            "PolicyTypeCode": "Excess",
            "CoveragePartCode": "CYB",
            "MarketSegmentCode": "CEO",
            "PolicyStructure": null,
            "InsurerSICCode": null,
            "OwnershipTypeCode": null,
            "TreatyCode": null,
            "TransactionExpirationDate": "2023-04-01",
            "PrimaryAddressZipCode": "55102",
            "PrimaryAddressCity": "SaintPaul",
            "PrimaryAddressCounty": "Ramsey",
            "ClassCode": null,
            "RetroactiveDate": null,
            "TailDate": null,
            "ExtendedRPTNumber": null,
            "ExtendedAttachmentPNTNumber": null,
            "CoinsuranceValue": null,
            "PolicyEventTypeCode": "14",
            "RenewalCount": "0",
            "CancellationDescription": null,
            "ExposureAmount": null,
            "ExposureBase": null,
            "InsuredSICCode": "6331",
            "NumberOfEmployeeCount": null,
            "RevisionNumber": "0",
            "ISOCode": "052412",
            "InsuredPropertyLocationNumber": null,
            "PolicyLimitAmount_Aggregate": "5000000",
            "PolicyLimitAmount_AggregateLimit": null,
            "PolicyLimitAmount_OcccurrenceLimit": null,
            "PolicyLimitAmount_OverrideAttachmentAggregateLimit": null,
            "CoverageDeductibleAmount_Retention": null,
            "CoverageDeductibleAmount_BodilyInjuryDeductibleCode": null,
            "CoverageLimitAmount_Aggregate": null,
            "CoverageLimitAmount_AggregateLimit": null,
            "CoverageLimitAmount_OccLimit": null,
            "CoverageLimitAmount_OccLimitPwc": null,
            "CoverageLimitAmount_Occurrence": null,
            "LineofBusinessExposureAmount_AssetSize": null,
            "LineofBusinessExposureAmount_AssetUnderMngmnt": null,
            "LineofBusinessExposureAmount_EmpCountTotal": null,
            "LineofBusinessExposureAmount_ManagedAssets": null,
            "LineofBusinessExposureAmount_MarketCapSize": null,
            "LineofBusinessExposureAmount_Revenue": "35000000000",
            "LineofBusinessExposureAmount_TotalPlanAsset": null,
            "LineofBusinessExposureBase_AssetSize": null,
            "LineofBusinessExposureBase_AssetUnderMngmnt": null,
            "LineofBusinessExposureBase_EmpCountTotal": null,
            "LineofBusinessExposureBase_ManagedAssets": null,
            "LineofBusinessExposureBase_MarketCapSize": null,
            "LineofBusinessExposureBase_Revenue": "Revenue",
            "LineofBusinessExposureBase_TotalPlanAsset": null,
            "CoverageLevelScheduleModifierRatePercent_ConsentToRate": null,
            "CoverageLevelScheduleModifierRatePercent_ExperienceFactor": null,
            "CoverageLevelScheduleModifierRatePercent_ExperienceMod": null,
            "CoverageLevelScheduleModifierRatePercent_ExperienceModFactor": null,
            "CoverageLevelScheduleModifierRatePercent_FinalRate": null,
            "CoverageLevelScheduleModifierRatePercent_Liability": null,
            "CoverageLevelScheduleModifierRatePercent_Liability_Detrend_Factor": null,
            "CoverageLevelScheduleModifierRatePercent_LossConstant": null,
            "CoverageLevelScheduleModifierRatePercent_LossCost": null,
            "CoverageLevelScheduleModifierRatePercent_LossCostMultiplier": null,
            "CoverageLevelScheduleModifierRatePercent_Loss_Cost_Multiplier": null,
            "CoverageLevelScheduleModifierRatePercent_Medpay_Loss_Cost_Multiplier": null,
            "CoverageLevelScheduleModifierRatePercent_MeritMod": null,
            "CoverageLevelScheduleModifierRatePercent_NA": "1023.2",
            "CoverageLevelScheduleModifierRatePercent_PackageModificationFactor": null,
            "CoverageLevelScheduleModifierRatePercent_Physical_Damage_Detrend_Factor": null,
            "CoverageLevelScheduleModifierRatePercent_PremOps_Detrend_Factor": null,
            "CoverageLevelScheduleModifierRatePercent_Products_Detrend_Factor": null,
            "CoverageLevelScheduleModifierRatePercent_Rate": null,
            "CoverageLevelScheduleModifierRatePercent_RateDeviation": null,
            "CoverageLevelScheduleModifierRatePercent_ScheduleFactor": null,
            "CoverageLevelScheduleModifierRatePercent_ScheduleModifierFactor": null,
            "CoverageLevelScheduleModifierRatePercent_ScheduleModFactor": null,
            "CoverageLevelScheduleModifierRatePercent_Schedule_Modifier": null,
            "CoverageLevelScheduleModifierRatePercent_TerritorialDifferentialFactor": null,
            "CoverageLevelScheduleModifierRatePercent_Total_Modifier": null
        },
        {
            "SourceSystemName": "MajescoPolicy",
            "SourceSystemCode": "109",
            "WritingCompany": "qbeinsurancecorporation",
            "PolicySymbol": null,
            "PolicyNumber": "100054708",
            "OriginalPolicyNumber": "161000126",
            "ProductCode": "CA",
            "TransactionDate": "2022-04-29",
            "TransactionEffectiveDate": "2022-03-01",
            "TransactionType": "Coverage_Level_Premium",
            "TransactionCode": "14",
            "TransactionDesc": "convertQuote",
            "PolicyEffectiveDate": "2022-03-01",
            "PolicyExpirationDate": "2023-03-01",
            "UnderwritingYear": "2022",
            "AccountingYearMonth": "2022_5",
            "RiskState": "IL",
            "Cell": "MiddleMarket",
            "SegmentCode": "M0784",
            "FinancialLineofBusinessCode": "C1940",
            "ChangedPremiumAmount": "17.0",
            "WrittenPremiumAmount": "17.0",
            "CommissionPercentage": "15.0",
            "CommissionAmount": "746.55",
            "CommissionAmount_Calculated_": "2.55",
            "CompanyNumber": null,
            "CoverageTypeCode": null,
            "AnnualStatementLineofBusiness": "194",
            "CoverageCode": "MEDPAY",
            "CoverageCodeDescription": "MedicalPayments",
            "SublineCode": "620",
            "Claim_MadeIndicator": null,
            "ReinsuranceCode": null,
            "LineofBusiness": "CA",
            "BureauType": null,
            "DistributionChannel": null,
            "GroupDestinationCode": null,
            "ServiceOffice": null,
            "MasterAccountNumber": null,
            "AgencyNumber": null,
            "PolicyKindCode": null,
            "ProgramCode": "RET",
            "OrganizationCode": null,
            "SubProgramCode": null,
            "BusinessTypeCode": null,
            "PolicyTypeCode": "Primary",
            "CoveragePartCode": null,
            "MarketSegmentCode": "RET",
            "PolicyStructure": "GC",
            "InsurerSICCode": null,
            "OwnershipTypeCode": null,
            "TreatyCode": null,
            "TransactionExpirationDate": null,
            "PrimaryAddressZipCode": null,
            "PrimaryAddressCity": null,
            "PrimaryAddressCounty": null,
            "ClassCode": "7391",
            "RetroactiveDate": null,
            "TailDate": null,
            "ExtendedRPTNumber": null,
            "ExtendedAttachmentPNTNumber": null,
            "CoinsuranceValue": null,
            "PolicyEventTypeCode": null,
            "RenewalCount": "0",
            "CancellationDescription": null,
            "ExposureAmount": "12.0",
            "ExposureBase": null,
            "InsuredSICCode": null,
            "NumberOfEmployeeCount": null,
            "RevisionNumber": "1",
            "ISOCode": null,
            "InsuredPropertyLocationNumber": null,
            "PolicyLimitAmount_Aggregate": null,
            "PolicyLimitAmount_AggregateLimit": null,
            "PolicyLimitAmount_OcccurrenceLimit": null,
            "PolicyLimitAmount_OverrideAttachmentAggregateLimit": null,
            "CoverageDeductibleAmount_Retention": null,
            "CoverageDeductibleAmount_BodilyInjuryDeductibleCode": null,
            "CoverageLimitAmount_Aggregate": null,
            "CoverageLimitAmount_AggregateLimit": null,
            "CoverageLimitAmount_OccLimit": null,
            "CoverageLimitAmount_OccLimitPwc": null,
            "CoverageLimitAmount_Occurrence": null,
            "LineofBusinessExposureAmount_AssetSize": null,
            "LineofBusinessExposureAmount_AssetUnderMngmnt": null,
            "LineofBusinessExposureAmount_EmpCountTotal": null,
            "LineofBusinessExposureAmount_ManagedAssets": null,
            "LineofBusinessExposureAmount_MarketCapSize": null,
            "LineofBusinessExposureAmount_Revenue": null,
            "LineofBusinessExposureAmount_TotalPlanAsset": null,
            "LineofBusinessExposureBase_AssetSize": null,
            "LineofBusinessExposureBase_AssetUnderMngmnt": null,
            "LineofBusinessExposureBase_EmpCountTotal": null,
            "LineofBusinessExposureBase_ManagedAssets": null,
            "LineofBusinessExposureBase_MarketCapSize": null,
            "LineofBusinessExposureBase_Revenue": null,
            "LineofBusinessExposureBase_TotalPlanAsset": null,
            "CoverageLevelScheduleModifierRatePercent_ConsentToRate": null,
            "CoverageLevelScheduleModifierRatePercent_ExperienceFactor": null,
            "CoverageLevelScheduleModifierRatePercent_ExperienceMod": null,
            "CoverageLevelScheduleModifierRatePercent_ExperienceModFactor": null,
            "CoverageLevelScheduleModifierRatePercent_FinalRate": null,
            "CoverageLevelScheduleModifierRatePercent_Liability": null,
            "CoverageLevelScheduleModifierRatePercent_Liability_Detrend_Factor": null,
            "CoverageLevelScheduleModifierRatePercent_LossConstant": null,
            "CoverageLevelScheduleModifierRatePercent_LossCost": null,
            "CoverageLevelScheduleModifierRatePercent_LossCostMultiplier": null,
            "CoverageLevelScheduleModifierRatePercent_Loss_Cost_Multiplier": null,
            "CoverageLevelScheduleModifierRatePercent_Medpay_Loss_Cost_Multiplier": "1.873",
            "CoverageLevelScheduleModifierRatePercent_MeritMod": null,
            "CoverageLevelScheduleModifierRatePercent_NA": null,
            "CoverageLevelScheduleModifierRatePercent_PackageModificationFactor": null,
            "CoverageLevelScheduleModifierRatePercent_Physical_Damage_Detrend_Factor": null,
            "CoverageLevelScheduleModifierRatePercent_PremOps_Detrend_Factor": null,
            "CoverageLevelScheduleModifierRatePercent_Products_Detrend_Factor": null,
            "CoverageLevelScheduleModifierRatePercent_Rate": null,
            "CoverageLevelScheduleModifierRatePercent_RateDeviation": null,
            "CoverageLevelScheduleModifierRatePercent_ScheduleFactor": null,
            "CoverageLevelScheduleModifierRatePercent_ScheduleModifierFactor": null,
            "CoverageLevelScheduleModifierRatePercent_ScheduleModFactor": null,
            "CoverageLevelScheduleModifierRatePercent_Schedule_Modifier": null,
            "CoverageLevelScheduleModifierRatePercent_TerritorialDifferentialFactor": null,
            "CoverageLevelScheduleModifierRatePercent_Total_Modifier": null
        },
        {
            "SourceSystemName": "MajescoPolicy",
            "SourceSystemCode": "109",
            "WritingCompany": "qbeinsurancecorporation",
            "PolicySymbol": null,
            "PolicyNumber": "100054708",
            "OriginalPolicyNumber": "161000126",
            "ProductCode": "CA",
            "TransactionDate": "2022-03-31",
            "TransactionEffectiveDate": "2022-03-01",
            "TransactionType": "Coverage_Level_Premium",
            "TransactionCode": "05",
            "TransactionDesc": "redoPolicy",
            "PolicyEffectiveDate": "2022-03-01",
            "PolicyExpirationDate": "2023-03-01",
            "UnderwritingYear": "2022",
            "AccountingYearMonth": "2022_4",
            "RiskState": "IL",
            "Cell": "MiddleMarket",
            "SegmentCode": "M0784",
            "FinancialLineofBusinessCode": "C1940",
            "ChangedPremiumAmount": "1035.0",
            "WrittenPremiumAmount": "1035.0",
            "CommissionPercentage": "15.0",
            "CommissionAmount": "746.55",
            "CommissionAmount_Calculated_": "155.25",
            "CompanyNumber": null,
            "CoverageTypeCode": null,
            "AnnualStatementLineofBusiness": "194",
            "CoverageCode": "LIAB",
            "CoverageCodeDescription": "Liability",
            "SublineCode": "611",
            "Claim_MadeIndicator": null,
            "ReinsuranceCode": null,
            "LineofBusiness": "CA",
            "BureauType": null,
            "DistributionChannel": null,
            "GroupDestinationCode": null,
            "ServiceOffice": null,
            "MasterAccountNumber": null,
            "AgencyNumber": null,
            "PolicyKindCode": null,
            "ProgramCode": "RET",
            "OrganizationCode": null,
            "SubProgramCode": null,
            "BusinessTypeCode": null,
            "PolicyTypeCode": "Primary",
            "CoveragePartCode": null,
            "MarketSegmentCode": "RET",
            "PolicyStructure": "GC",
            "InsurerSICCode": null,
            "OwnershipTypeCode": null,
            "TreatyCode": null,
            "TransactionExpirationDate": null,
            "PrimaryAddressZipCode": null,
            "PrimaryAddressCity": null,
            "PrimaryAddressCounty": null,
            "ClassCode": "7391",
            "RetroactiveDate": null,
            "TailDate": null,
            "ExtendedRPTNumber": null,
            "ExtendedAttachmentPNTNumber": null,
            "CoinsuranceValue": null,
            "PolicyEventTypeCode": null,
            "RenewalCount": "0",
            "CancellationDescription": null,
            "ExposureAmount": "12.0",
            "ExposureBase": null,
            "InsuredSICCode": null,
            "NumberOfEmployeeCount": null,
            "RevisionNumber": "1",
            "ISOCode": null,
            "InsuredPropertyLocationNumber": null,
            "PolicyLimitAmount_Aggregate": null,
            "PolicyLimitAmount_AggregateLimit": null,
            "PolicyLimitAmount_OcccurrenceLimit": null,
            "PolicyLimitAmount_OverrideAttachmentAggregateLimit": null,
            "CoverageDeductibleAmount_Retention": null,
            "CoverageDeductibleAmount_BodilyInjuryDeductibleCode": null,
            "CoverageLimitAmount_Aggregate": null,
            "CoverageLimitAmount_AggregateLimit": null,
            "CoverageLimitAmount_OccLimit": null,
            "CoverageLimitAmount_OccLimitPwc": null,
            "CoverageLimitAmount_Occurrence": null,
            "LineofBusinessExposureAmount_AssetSize": null,
            "LineofBusinessExposureAmount_AssetUnderMngmnt": null,
            "LineofBusinessExposureAmount_EmpCountTotal": null,
            "LineofBusinessExposureAmount_ManagedAssets": null,
            "LineofBusinessExposureAmount_MarketCapSize": null,
            "LineofBusinessExposureAmount_Revenue": null,
            "LineofBusinessExposureAmount_TotalPlanAsset": null,
            "LineofBusinessExposureBase_AssetSize": null,
            "LineofBusinessExposureBase_AssetUnderMngmnt": null,
            "LineofBusinessExposureBase_EmpCountTotal": null,
            "LineofBusinessExposureBase_ManagedAssets": null,
            "LineofBusinessExposureBase_MarketCapSize": null,
            "LineofBusinessExposureBase_Revenue": null,
            "LineofBusinessExposureBase_TotalPlanAsset": null,
            "CoverageLevelScheduleModifierRatePercent_ConsentToRate": null,
            "CoverageLevelScheduleModifierRatePercent_ExperienceFactor": null,
            "CoverageLevelScheduleModifierRatePercent_ExperienceMod": null,
            "CoverageLevelScheduleModifierRatePercent_ExperienceModFactor": null,
            "CoverageLevelScheduleModifierRatePercent_FinalRate": null,
            "CoverageLevelScheduleModifierRatePercent_Liability": null,
            "CoverageLevelScheduleModifierRatePercent_Liability_Detrend_Factor": null,
            "CoverageLevelScheduleModifierRatePercent_LossConstant": null,
            "CoverageLevelScheduleModifierRatePercent_LossCost": null,
            "CoverageLevelScheduleModifierRatePercent_LossCostMultiplier": null,
            "CoverageLevelScheduleModifierRatePercent_Loss_Cost_Multiplier": "1.873",
            "CoverageLevelScheduleModifierRatePercent_Medpay_Loss_Cost_Multiplier": null,
            "CoverageLevelScheduleModifierRatePercent_MeritMod": null,
            "CoverageLevelScheduleModifierRatePercent_NA": null,
            "CoverageLevelScheduleModifierRatePercent_PackageModificationFactor": null,
            "CoverageLevelScheduleModifierRatePercent_Physical_Damage_Detrend_Factor": null,
            "CoverageLevelScheduleModifierRatePercent_PremOps_Detrend_Factor": null,
            "CoverageLevelScheduleModifierRatePercent_Products_Detrend_Factor": null,
            "CoverageLevelScheduleModifierRatePercent_Rate": null,
            "CoverageLevelScheduleModifierRatePercent_RateDeviation": null,
            "CoverageLevelScheduleModifierRatePercent_ScheduleFactor": null,
            "CoverageLevelScheduleModifierRatePercent_ScheduleModifierFactor": null,
            "CoverageLevelScheduleModifierRatePercent_ScheduleModFactor": null,
            "CoverageLevelScheduleModifierRatePercent_Schedule_Modifier": "1.0",
            "CoverageLevelScheduleModifierRatePercent_TerritorialDifferentialFactor": null,
            "CoverageLevelScheduleModifierRatePercent_Total_Modifier": null
        },
        {
            "SourceSystemName": "MajescoPolicy",
            "SourceSystemCode": "109",
            "WritingCompany": "qbeinsurancecorporation",
            "PolicySymbol": null,
            "PolicyNumber": "100054708",
            "OriginalPolicyNumber": "161000126",
            "ProductCode": "CA",
            "TransactionDate": "2022-03-31",
            "TransactionEffectiveDate": "2022-03-01",
            "TransactionType": "Coverage_Level_Premium",
            "TransactionCode": "05",
            "TransactionDesc": "redoPolicy",
            "PolicyEffectiveDate": "2022-03-01",
            "PolicyExpirationDate": "2023-03-01",
            "UnderwritingYear": "2022",
            "AccountingYearMonth": "2022_4",
            "RiskState": "MN",
            "Cell": "MiddleMarket",
            "SegmentCode": "M0784",
            "FinancialLineofBusinessCode": "C1930",
            "ChangedPremiumAmount": "148.0",
            "WrittenPremiumAmount": "148.0",
            "CommissionPercentage": "15.0",
            "CommissionAmount": "746.55",
            "CommissionAmount_Calculated_": "22.2",
            "CompanyNumber": null,
            "CoverageTypeCode": null,
            "AnnualStatementLineofBusiness": "193",
            "CoverageCode": "PIP",
            "CoverageCodeDescription": "PersonalInjuryProtection",
            "SublineCode": "615",
            "Claim_MadeIndicator": null,
            "ReinsuranceCode": null,
            "LineofBusiness": "CA",
            "BureauType": null,
            "DistributionChannel": null,
            "GroupDestinationCode": null,
            "ServiceOffice": null,
            "MasterAccountNumber": null,
            "AgencyNumber": null,
            "PolicyKindCode": null,
            "ProgramCode": "RET",
            "OrganizationCode": null,
            "SubProgramCode": null,
            "BusinessTypeCode": null,
            "PolicyTypeCode": "Primary",
            "CoveragePartCode": null,
            "MarketSegmentCode": "RET",
            "PolicyStructure": "GC",
            "InsurerSICCode": null,
            "OwnershipTypeCode": null,
            "TreatyCode": null,
            "TransactionExpirationDate": null,
            "PrimaryAddressZipCode": null,
            "PrimaryAddressCity": null,
            "PrimaryAddressCounty": null,
            "ClassCode": "7391",
            "RetroactiveDate": null,
            "TailDate": null,
            "ExtendedRPTNumber": null,
            "ExtendedAttachmentPNTNumber": null,
            "CoinsuranceValue": null,
            "PolicyEventTypeCode": null,
            "RenewalCount": "0",
            "CancellationDescription": null,
            "ExposureAmount": "12.0",
            "ExposureBase": null,
            "InsuredSICCode": null,
            "NumberOfEmployeeCount": null,
            "RevisionNumber": "1",
            "ISOCode": null,
            "InsuredPropertyLocationNumber": null,
            "PolicyLimitAmount_Aggregate": null,
            "PolicyLimitAmount_AggregateLimit": null,
            "PolicyLimitAmount_OcccurrenceLimit": null,
            "PolicyLimitAmount_OverrideAttachmentAggregateLimit": null,
            "CoverageDeductibleAmount_Retention": null,
            "CoverageDeductibleAmount_BodilyInjuryDeductibleCode": null,
            "CoverageLimitAmount_Aggregate": null,
            "CoverageLimitAmount_AggregateLimit": null,
            "CoverageLimitAmount_OccLimit": null,
            "CoverageLimitAmount_OccLimitPwc": null,
            "CoverageLimitAmount_Occurrence": null,
            "LineofBusinessExposureAmount_AssetSize": null,
            "LineofBusinessExposureAmount_AssetUnderMngmnt": null,
            "LineofBusinessExposureAmount_EmpCountTotal": null,
            "LineofBusinessExposureAmount_ManagedAssets": null,
            "LineofBusinessExposureAmount_MarketCapSize": null,
            "LineofBusinessExposureAmount_Revenue": null,
            "LineofBusinessExposureAmount_TotalPlanAsset": null,
            "LineofBusinessExposureBase_AssetSize": null,
            "LineofBusinessExposureBase_AssetUnderMngmnt": null,
            "LineofBusinessExposureBase_EmpCountTotal": null,
            "LineofBusinessExposureBase_ManagedAssets": null,
            "LineofBusinessExposureBase_MarketCapSize": null,
            "LineofBusinessExposureBase_Revenue": null,
            "LineofBusinessExposureBase_TotalPlanAsset": null,
            "CoverageLevelScheduleModifierRatePercent_ConsentToRate": null,
            "CoverageLevelScheduleModifierRatePercent_ExperienceFactor": null,
            "CoverageLevelScheduleModifierRatePercent_ExperienceMod": null,
            "CoverageLevelScheduleModifierRatePercent_ExperienceModFactor": null,
            "CoverageLevelScheduleModifierRatePercent_FinalRate": null,
            "CoverageLevelScheduleModifierRatePercent_Liability": null,
            "CoverageLevelScheduleModifierRatePercent_Liability_Detrend_Factor": null,
            "CoverageLevelScheduleModifierRatePercent_LossConstant": null,
            "CoverageLevelScheduleModifierRatePercent_LossCost": null,
            "CoverageLevelScheduleModifierRatePercent_LossCostMultiplier": null,
            "CoverageLevelScheduleModifierRatePercent_Loss_Cost_Multiplier": "1.685",
            "CoverageLevelScheduleModifierRatePercent_Medpay_Loss_Cost_Multiplier": null,
            "CoverageLevelScheduleModifierRatePercent_MeritMod": null,
            "CoverageLevelScheduleModifierRatePercent_NA": null,
            "CoverageLevelScheduleModifierRatePercent_PackageModificationFactor": null,
            "CoverageLevelScheduleModifierRatePercent_Physical_Damage_Detrend_Factor": null,
            "CoverageLevelScheduleModifierRatePercent_PremOps_Detrend_Factor": null,
            "CoverageLevelScheduleModifierRatePercent_Products_Detrend_Factor": null,
            "CoverageLevelScheduleModifierRatePercent_Rate": null,
            "CoverageLevelScheduleModifierRatePercent_RateDeviation": null,
            "CoverageLevelScheduleModifierRatePercent_ScheduleFactor": null,
            "CoverageLevelScheduleModifierRatePercent_ScheduleModifierFactor": null,
            "CoverageLevelScheduleModifierRatePercent_ScheduleModFactor": null,
            "CoverageLevelScheduleModifierRatePercent_Schedule_Modifier": null,
            "CoverageLevelScheduleModifierRatePercent_TerritorialDifferentialFactor": null,
            "CoverageLevelScheduleModifierRatePercent_Total_Modifier": null
        }
    ]
}